title,authors,year_or_details,source
Sosyal bilimlerde nitel araştırma yöntemleri (11 baski: 1999-2018),"A Yıldırım, H Simsek",1999,open.metu.edu.tr
[KİTAP] Time harmonic electromagnetic fields,THE Fields,1961,faraday.emu.edu.tr
[PDF] An idea based on honey bee swarm for numerical optimization,D Karaboga,2005,abc.erciyes.edu.tr
[ALINTI] Gelişim öğrenme ve öğretim kuramdan uygulamaya,N Senemoğlu,2007,avesis.hacettepe.edu.tr
[PDF] Psychology of learning for instruction,"MP Driscoll, KJ Burner",2005,ocw.metu.edu.tr
[ALINTI] Bilimsel araştırma süreci ve SPSS ile veri analizi,"A Ural, İ Kiliç",2005,avesis.gazi.edu.tr
[PDF] Qu'est-ce que la littérature?,"JP Sartre, A Elkaïm-Sartre",1948,avys.omu.edu.tr
[ALINTI] Eğitimde ölçme ve değerlendirme,B Çetin,2019,avesis.gazi.edu.tr
[ALINTI] Revolutionizing education with AI: Exploring the transformative potential of ChatGPT,"T Adıgüzel, MH Kaya, FK Cansu","Contemporary …, 2023",eresearch.ozyegin.edu.tr
[ALINTI] Türkçe öğretim yöntemleri,H Akyol,2016,avesis.gazi.edu.tr
[ALINTI] Spor Sağlık Ve Eğitim Bilimlerinden Örneklerle UYGULAMALI İSTATİSTİK VE GEÇERLİK GÜVENİRLİK,C Alpar,2016,avesis.hacettepe.edu.tr
[PDF] Halkla ilişkiler nedir,FB Peltekoğlu,2001,ebs.duzce.edu.tr
[KİTAP] Introduction to information retrieval,"H Schütze, CD Manning, P Raghavan",2008,cs.hacettepe.edu.tr
[PDF] Teaching speaking: Activities to promote speaking in a second language,H Kayi,"The internet TESL journal, 2006",acikders.ankara.edu.tr
[PDF] Forensic entomology in criminal investigations,"EP Catts, ML Goff","Annual review of Entomology, 1992",avys.omu.edu.tr
[ALINTI] Fen bilgisi öğretimi,F Kaptan,1998,avesis.hacettepe.edu.tr
[ALINTI] Türkçede söz dizimi,L Karahan,2023,gcris.etu.edu.tr
[PDF] Sosyal bilimlerde nitel araştirma yöntemleri,Z Karataş,"Manevi temelli sosyal hizmet araştırmaları dergisi, 2015",avys.omu.edu.tr
MVN: An R package for assessing multivariate normality,"S Korkmaz, D Göksülük, G Zararsiz","R JOURNAL, 2014",avesis.hacettepe.edu.tr
[ALINTI] Uygulamalı çok değişkenli istatistiksel yöntemler,C ALPAR,2017,avesis.hacettepe.edu.tr
[PDF] Cache-timing attacks on AES,DJ Bernstein,2005,mimoza.marmara.edu.tr
[ALINTI] Lider sarmalında vizyon,Ş ERÇETİN,2000,avesis.hacettepe.edu.tr
[ALINTI] Sosyoloji ve spor,A Yetim,2014,avesis.gazi.edu.tr
[PDF] Ölçek geliştirme çalışmalarında kapsam geçerliği için kapsam geçerlik indekslerinin kullanılması,H Yurdugül,"XIV. Ulusal Eğitim Bilimleri Kongresi, 2005",yunus.hacettepe.edu.tr
[ALINTI] Normal ve sorunlu ergenlerin yaşam doyumu düzeyinin karşılaştırılması,S Köker,1991,dspace.ankara.edu.tr
[ALINTI] Pazarlama araştırmaları,"K Kurtuluş, E TARCAN",1981,acikerisim.istanbul.edu.tr
[KİTAP] Introduction to algorithms,"CE Leiserson, RL Rivest, TH Cormen, C Stein",1994,ceng383.cankaya.edu.tr
[ALINTI] Türkiye bitkileri kırmızı kitabı,"T Ekim, M Koyuncu, M Vural, H Duman, Z Aytaç…",2000,avesis.gazi.edu.tr
Comparison of model fit indices used in structural equation modeling under multivariate normality,"Ş Cangür, I Ercan",2015,acikerisim.uludag.edu.tr
[KİTAP] Ekonometri,R Tarı,2010,dspace.kocaeli.edu.tr
[ALINTI] Bitki besleme,B Kacar,1998,dspace.ankara.edu.tr
[ALINTI] Sosyolojik açıdan spor,"M Erkal, Ö Güven, D Ayan",1998,avesis.gazi.edu.tr
[PDF] Introducing STEM education: Implications for educating our teachers for the age of innovation.,"MS Corlu, RM Capraro…","Education & Science …, 2014",repository.bilkent.edu.tr
Channel estimation for wireless OFDM systems,"M Ozdemir, H Arslan","IEEE Communications Surveys and …, 2007",avesis.medipol.edu.tr
[PDF] Polymer biodegradation and biodegradable polymers-a review.,"K Leja, G Lewandowicz","Polish Journal of Environmental …, 2010",yunus.hacettepe.edu.tr
[ALINTI] Öğretimi planlama ve değerlendirme,Ş Tan,2007,avesis.gazi.edu.tr
[ALINTI] Eğitimde ölçme ve değerlendirme,"H Atılgan, A Kan, B Aydın",2017,avesis.gazi.edu.tr
[ALINTI] Yatırım analizi ve portföy yönetimi,M Karan,2018,avesis.hacettepe.edu.tr
[PDF] The Feltham-Ohlson framework: implications for empiricists,VL Bernard,"Contemporary Accounting Research, 1995",users.metu.edu.tr
[PDF] ACSM position stand: The female athlete triad,"CL Otis, B Drinkwater, M Johnson…","Med Sci Sports …, 1997",acikders.ankara.edu.tr
[PDF] Instructional design: What is it and why is it,CM Reigeluth,"Instructional-design theories and models: An …, 1983",ocw.metu.edu.tr
[KİTAP] Kültür endüstrisi kültür yönetimi,"TW Adorno, N Ülner, M Tüzel, E Gen, JM Bernstein",2007,psi502.cankaya.edu.tr
[ALINTI] Çocuk edebiyatı,"A YALÇIN, G Aytaş",2003,avesis.gazi.edu.tr
A review and comparison of diagnostic instruments to identify students' misconceptions in science,"DK Gurel, A Eryılmaz, LC McDermott",2015,open.metu.edu.tr
[ALINTI] Bilimsel araştırma yöntemleri,İ Karakaya,2009,avesis.gazi.edu.tr
[PDF] Flexible structure alignment by chaining aligned fragment pairs allowing twists,"Y Ye, A Godzik","Bioinformatics, 2003",user.ceng.metu.edu.tr
[PDF] A commodity chains framework for analyzing global industries,G Gereffi,"Institute of Development Studies, 1999",eco.ieu.edu.tr
[PDF] Heuristics and usability guidelines for the creation and evaluation of fun in video games,MA Federoff,2002,ocw.metu.edu.tr
[KİTAP] Tüketici davranışları,AH İslamoğlu,1996,dspace.kocaeli.edu.tr
[ALINTI] Spor Fizyolojisi ve Performans Olcümü,"M Günay, K Tamer, H Cicioğlu",2013,avesis.gazi.edu.tr
[ALINTI] Çevre Eğitimi ve Çevre Bilinci,S Erten,"Çevre ve İnsan Dergisi, 2006",avesis.hacettepe.edu.tr
[PDF] Osmanlı imparatorluğunda bir iskân ve kolonizasyon metodu olarak vakıflar ve temlikler I: istilâ devirlerinin kolonizatör Türk dervişleri ve zâviyeler,ÖL Barkan,1942,acikerisim.fsm.edu.tr
[KİTAP] Din sosyolojisi,Ü Günay,2000,ilahiyat.klu.edu.tr
UCLA yalnızlık ölçeğinin geçerlik ve güvenirliği,AG Demir,1989,open.metu.edu.tr
2000'li Yıllarda Yönetim,A DÜREN,2000,avesis.istanbul.edu.tr
[ALINTI] Tükenmişlik iş doyumu ve kişilik,"A Akçamete, S Kaner, N SUCUOĞLU",2001,avesis.hacettepe.edu.tr
[ALINTI] Eğitim bilimi ve din eğitimi,B Bilgin,1995,dspace.ankara.edu.tr
[KİTAP] Vergi hukuku,"M Öncel, AG Kumrulu, N Çağan, C Göker",1998,dspace.ankara.edu.tr
Perceptions of students for gamification approach: Kahoot as a case study,"H Bicen, S Kocakoyun","International Journal of emerging …, 2018",avesis.anadolu.edu.tr
[PDF] Idea for a universal history from a cosmopolitan point of view,I Kant,"On history, 1963",itu.edu.tr
Araştırma görevlilerinin örgütsel destek algıları ile örgütsel sinizm tutumları arasındaki ilişki,G Kalağan,2009,dspace.akdeniz.edu.tr
"[PDF] Ortaöğretim öğretmenlerinin örgütsel adalet algıları, örgütsel güven düzeyleri ile örgütsel vatandaşlık davranışları arasındaki ilişki",S Polat,2007,dspace.kocaeli.edu.tr
[KİTAP] Türk halkbilimi,E Artun,2005,turkoloji.cu.edu.tr
[ALINTI] Türk idare hukuku,"B Akyılmaz, M Sezginer, C Kaya",2023,gcris.etu.edu.tr
[ALINTI] Psikolojik danışma ve rehberlik,"M TAN, M Baloğlu",2004,avesis.hacettepe.edu.tr
Öğretmen adaylarının öğretmen kavramına ilişkin algılarının metafor analizi yoluyla incelenmesi,"A Saban, BN Koçbeker, A Saban",2006,acikerisim.selcuk.edu.tr
[ALINTI] Çocuk gelişimi ve eğitimi,"NUR BAYHAN, İ Artan",2004,avesis.hacettepe.edu.tr
[ALINTI] Ceza hukuku genel hükümler,D Soyaslan,2016,earsiv.cankaya.edu.tr
[PDF] The Photochemistry of,"J Cadet, P Vigny","H. Morrison, Wiley and Sons, New York, 1990",static.ibg.edu.tr
[PDF] Nef'î Divâni,M Akkuş,"Ankara: Akçağ Yayınları, 1993",cdn.bartin.edu.tr
[ALINTI] Yemeklik dane baklagiller,S Şehirali,1988,dspace.ankara.edu.tr
Modern yaklaşımlar işığında değişen duygu zeka ilişkisi ve duygusal zeka,"U Çakar, Y Arbak","Dokuz Eylül Üniversitesi Sosyal Bilimler …, 2004",avesis.deu.edu.tr
[ALINTI] Toplumsal Paylaşım Ağı Facebook Görülüyorum Öyleyse Varım,"A Toprak, A YILDIRIM EROĞLU, F BİNARK, T ÇOMU…",2009,avesis.hacettepe.edu.tr
[KİTAP] Türkiye turizm coğrafyası,"H Doğanay, S Zaman",2001,avys.omu.edu.tr
[KİTAP] Kültür değişmesi ve milliyetçilik,E Güngör,1995,yunus.hacettepe.edu.tr
[ALINTI] Türkçe sözlük,"Ş AKALIN, R TOPARLI, M Argunşah, N Demir…",2019,avesis.hacettepe.edu.tr
[ALINTI] Yapay zeka uygulamaları,Ç Elmas,2018,avesis.gazi.edu.tr
[ALINTI] Okul öncesi eğitim 2,"N Aral, A KANDIR, M Can Yaşar",2000,avesis.gazi.edu.tr
[ALINTI] İslam felsefesine giriş,M Bayrakdar,1999,dspace.ankara.edu.tr
The development and validation of a Turkish version of teachers sense of efficacy scale,"Y Çapa Aydın, J Çakıroğlu",2005,open.metu.edu.tr
Bir grup fen lisesi öğrencisine verilen insani değerler eğitiminin insani değerler ölçeği ile sınanması,B Dilmaç,2007,acikerisim.selcuk.edu.tr
[ALINTI] Türk dili el kitabı,"N Demir, E YILMAZ",2014,avesis.hacettepe.edu.tr
Okullardaki örgütsel güven düzeyinin okul yöneticilerinin etik liderlik özellikleri ve bazı değişkenler açısından incelenmesi,E Yılmaz,2006,acikerisim.selcuk.edu.tr
[ALINTI] Eğitimde yapılandırmacı yaklaşımlar,M Arslan,2007,dspace.ankara.edu.tr
Türkiye'de kentsel dönüşüme yöntemsel bir yaklaşım,"A Ataöv, S Osmay",2007,open.metu.edu.tr
[ALINTI] Batı Medeniyeti Karşısında Ahmet Mithat Efendi,O Okay,1975,earsiv.atauni.edu.tr
[ALINTI] Aşık Çelebi-Meşâ'irü'ş-şu'arâ,F Kılıç,2018,acikerisim.nevsehir.edu.tr
The effects of the ımage of destination on tourist satisfaction and loyalty: the case of Cappadocia,S Coban,2012,acikerisim.nevsehir.edu.tr
"[ALINTI] 100 soruda ilkellerde din, büyü, sanat, efsane",SV Örnek,1988,dspace.ankara.edu.tr
The effect of the inquiry-based learning approach on student's critical-thinking skills,"M Duran, I Dökme","Eurasia Journal of Mathematics Science and …, 2016",avesis.gazi.edu.tr
[PDF] L'analyse de contenu comme méthode d'analyse qualitative d'entretiens: une comparaison entre les traitements manuels et l'utilisation de logiciels,P Wanlin,"Recherches qualitatives, 2007",avys.omu.edu.tr
Turizm sektörünün Türkiye ekonomisi içindeki yeri ve önemi üzerine bir değerlendirme,"A Çımat, O Bahar",2003,acikerisim.mu.edu.tr
[ALINTI] Okul öncesi eğitim ve okul öncesi eğitim programı,"N Aral, A KANDIR, M Can Yaşar",2011,avesis.gazi.edu.tr
[PDF] Civil society against the state: Poland 1980-81,A Arato,"Telos, 1981",psi412.cankaya.edu.tr
"[PDF] Explaining terrorism: Causes, processes and consequences",AT Türker,"Political Studies Review, 2013",dspace.arel.edu.tr
[ALINTI] Rekreasyon,S Karaküçük,2022,avesis.gazi.edu.tr
[PDF] Geology of Turkey: a synopsis,AI Okay,"Anschnitt, 2008",itu.edu.tr
Intraoperative infusion of dexmedetomidine reduces perioperative analgesic requirements,"A Gurbet, M Basağan, G Türker…","Canadian Journal …, 2006",acikerisim.uludag.edu.tr
Özel ve resmi liselerde yönetici ve öğretmenlerin örgütsel bağlılığı (Ankara ili örneği),R Balay,2000,dspace.ankara.edu.tr
"Fen eğitiminde proje tabanlı öğrenmenin yaratıcı düşünme, problem çözme ve akademik risk alma düzeylerine etkisi",H Korkmaz,2002,avesis.hacettepe.edu.tr
[ALINTI] el-Mufassal fî târîhi'l-'Arabi kable'l-İslâm,"C Ali, M Bağış","Şırnak Üniversitesi İlahiyat Fakültesi …, 2014",openaccess.sirnak.edu.tr
[KİTAP] XIX. asır Türk edebivatı tarihi,AH Tanpinar,1956,avys.omu.edu.tr
Bilimsel araştırmalarda SPSS ile istatistik,"S Güriş, M Astar",2014,acikerisim.demiroglu.bilim.edu.tr
[KİTAP] Eğitimde nitel araştırma desenleri,"A Saban, AF Ersoy, M Özden, M Bozkurt, A Ersoy…",2017,open.metu.edu.tr
[ALINTI] Fiziksel uygunluk,E Zorba,2019,avesis.gazi.edu.tr
[ALINTI] Uluslararası hukuk dersleri,H Pazarcı,1999,dspace.ankara.edu.tr
[PDF] Örgütsel bağlılık ve üretkenlik karşıtı davranışlar arasındaki ilişkiye kavramsal yaklaşım,Y Demirel,2009,acikerisim.ticaret.edu.tr
"[PDF] Stable bundles, representation theory and Hermitian operators",AA Klyachko,"Selecta Mathematica, 1998",repository.bilkent.edu.tr
Gender differences in using social networks,"Y Mazman, Y Usluel","Turkish Online Journal of Educational …, 2011",avesis.hacettepe.edu.tr
"[PDF] Sosyal kimlik kuramı, temel kavram ve varsayımlar",HA Demirtaş,"İletişim araştırmaları, 2003",dspace.ankara.edu.tr
[KİTAP] Alternatif turizm,A Albayrak,2013,dspace.arel.edu.tr
[ALINTI] Cumhuriyet Türkiyesi'nde bir mesele olarak İslam,"İ Kara, MY Akbaş, S Seymen","Kaf Dergisi, 2009",ismailkara.izu.edu.tr
Performance of broilers fed diets supplemented with dry peppermint (Mentha piperita L.) or thyme (Thymus vulgaris L.) leaves as growth promoter source,"N Ocak, G Erener, F Ak, M Sungu…","Czech Journal of …, 2008",avesis.omu.edu.tr
Değişen değerler ve yeni eğitim paradigması,SZ Genç,2007,acikerisim.aku.edu.tr
[ALINTI] Öğrenci başarısının belirlenmesi performansa ve portfolyoya dayalı durum belirleme,"Ö Kutlu, C DOĞAN, İ Karakaya",2010,avesis.gazi.edu.tr
[ALINTI] Sanatın gerekliliği,E Fischer,1993,repository.bilkent.edu.tr
[ALINTI] Futbol antrenmanının bilimsel temelleri,"M Günay, Y Atılla",1996,avesis.gazi.edu.tr
[ALINTI] FEN VE TEKNOLOJİ EĞİTİMİNDE ALTERNATİF DEĞERLENDİRME YAKLAŞIMLARI,H Korkmaz,2004,avesis.hacettepe.edu.tr
[KİTAP] Kentsel çelişki ve siyaset kapitalist kentleşme süreçlerinin eleştirisi,HT Şengül,2009,open.metu.edu.tr
[PDF] Designing excited states: theory-guided access to efficient photosensitizers for photodynamic action,"Y Cakmak, S Kolemen, S Duman…","Angewandte …, 2011",avesis.hacettepe.edu.tr
Cam tavan sendromu ve kadınların üst düzey yönetici pozisyonuna yükselmelerindeki engeller: Balıkesir örneği,"E Örücü, R Kılıç, T Kılıç",2007,dspace.balikesir.edu.tr
[ALINTI] Ahmet Paşa'nın şiir dünyası.,H Tolasa,1973,earsiv.atauni.edu.tr
[ALINTI] Çalışma hayatında stres ve başa çıkma yolları,V IŞIKHAN,2003,avesis.hacettepe.edu.tr
[ALINTI] Türkiye florasi üzerine,"S Erik, B TARIKAHYA HACIOĞLU","Kebikeç, 2004",avesis.hacettepe.edu.tr
[PDF] The expectation maximization algorithm,F Dellaert,"College of Computing, Georgia Institute of Technology, 2002",itu.edu.tr
[PDF] Current utilization of ICT in Turkish basic education schools: A review of teacher's ICT use and barriers to integration,S Yildirim,"International journal of instructional media, 2007",users.metu.edu.tr
Sosyal etkiler kim kimi nasıl etkiler,N Sakallı,2001,open.metu.edu.tr
[PDF] Ergenlerde psikososyal gelişim,O Derman,"Adolesan Sağlığı II Sempozyum Dizisi, 2008",avys.omu.edu.tr
[ALINTI] İşletmelerde performans yönetimi,CB UYARGİL,2008,acikerisim.istanbul.edu.tr
[ALINTI] Personel yönetimi ve beşeri ilişkiler,D Bingöl,1990,earsiv.atauni.edu.tr
[KİTAP] İşletme yönetimi,"G Budak, G Budak",2004,ebs.duzce.edu.tr
[ALINTI] Yapay sinir ağları,Ç Elmas,2003,avesis.gazi.edu.tr
[ALINTI] Ergen ve gelişimi,"Z Temel, A Aksoy",2010,avesis.gazi.edu.tr
Sanal ortamda iletişim,Y Güçdemir,2010,avesis.istanbul.edu.tr
"Psikolojik sermayenin iş tatmini, iş performansı ve işten ayrılma niyeti üzerindeki etkisine yönelik bir araştırma","A Erkuş, M Afacan Fındıklı","İstanbul Üniversitesi İşletme …, 2013",acikerisim.gelisim.edu.tr
Türkiye'de İslâmcılık düşüncesi,İ Kara,1987,ismailkara.izu.edu.tr
[ALINTI] Medeni Usul Hukuku,"R Arslan, E Yılmaz, S Taşpınar Ayvaz, E Hanağası",2019,gcris.etu.edu.tr
Demokratik değerlerin eğitiminde yöntem ve zamanlama,"R Yeşil, D Aydın",2007,openaccess.ahievran.edu.tr
Türkiye'nin Siyasal Andlaşmaları,İ Soysal,1989,ismailkara.izu.edu.tr
[ALINTI] Hayâlî Bey divanının tahlili,C Kurnaz,1996,avesis.gazi.edu.tr
Some physical properties of lentil seeds,K Carman,1996,acikerisim.selcuk.edu.tr
Türkiye nin Uluslararası Göç Politikaları 1923 2023 Ulus devlet Oluşumundan Ulus ötesi Dönüşümlere,"A İçduygu, S Erder, Ö Gençkaya",2009,avesis.marmara.edu.tr
[ALINTI] Anadolu öğretmen lisesi öğrencilerinin öğretmenlik mesleğine yönelik tutumlarını etkileyen etmenler,"N Çeliköz, F Çetin","Milli Eğitim Dergisi, 2004",avesis.gazi.edu.tr
Örgütsel sinizm kavramı ve ilgili ölçeklerin Türkiye'deki bir firmada test edilmesi,"HE Erdost, K Karacaoğlu, M Reyhanoğlu",2007,acikerisim.nevsehir.edu.tr
Kültürel çalışmalar ve sinema,S Kırel,2010,avesis.marmara.edu.tr
[ALINTI] Osmanlılar'ın Kafkas-elleri'ni fethi:(1451-1590).,MF Kırzıoğlu,1976,earsiv.atauni.edu.tr
Türkiye'de iç borçların iktisadi etkilerinin VAR tekniğiyle analizi,"FB Özgen, B Güloglu",2004,open.metu.edu.tr
Generalized fractional derivatives and Laplace transform,"F Jarad, T Abdeljawad",2020,earsiv.cankaya.edu.tr
İlköğretim okulu öğretmenlerinin işe yabancılaşması (Ankara ili örneği),C Elma,2003,dspace.ankara.edu.tr
"Depressive symptomatology among university students in Denizli, Turkey: prevalence and sociodemographic correlates","M Bostanci, O Özdel, NK Oguzhanoglu…","Croatian medical …, 2005",gcris.pau.edu.tr
[PDF] Fractal heat conduction problem solved by local fractional variation iteration method,"XJ Yang, D Baleanu",2013,earsiv.cankaya.edu.tr
Örgüt kültürü-yönetim ilişkisi ve yönetsel etkinlik,A Şahin,2010,acikerisim.selcuk.edu.tr
[PDF] Türk eğitim sistemi ve PISA sonuçları,"FK Çelen, A Çelik, SS Seferoğlu","Akademik bilişim, 2011",yunus.hacettepe.edu.tr
"[PDF] Neoliberal Küreselleşme Kalkınma İçin Bir Fırsat mı, Engel mi?",F Şenses,"Kalkınma ve Küreselleşme, 2004",bilecik.edu.tr
[PDF] Öğretmen adaylarının değer öğretimine ilişkin görüşleri,NK Fidan,"Kuramsal Eğitimbilim Dergisi, 2009",keg.aku.edu.tr
Pandemi dönemi eğitim: sorunlar ve fırsatlar,"T Sarı, F Nayır","Turkish Studies (Elektronik), 2020",gcris.pau.edu.tr
Ağrı ve ağrı mekanizmalarına güncel bakış,ON Aydın,2002,adudspace.adu.edu.tr
[ALINTI] Çalışma psikolojisi,A Keser,2014,dspace.kocaeli.edu.tr
[ALINTI] Hemşirelik yüksekokulu öğrencilerinin sağlığı geliştirme davranışları,"S Ayaz, S Tezcan, F Eker","Cumhuriyet Üniversitesi Hemşirelik …, 2005",avesis.gazi.edu.tr
"Climate change impacts on lakes: an integrated ecological perspective based on a multi-faceted approach, with special focus on shallow lakes","E Jeppesen, M Meerhoff, T Davidson…","Journal of …, 2014",avesis.metu.edu.tr
[ALINTI] Medeni hukuk'un temel kavramları,"B Öztan, D Gürpınar",2022,earsiv.cankaya.edu.tr
Etik liderlik davranışının yöneticiye duyulan güven ve psikolojik güçlendirme üzerindeki etkisinde etkileşim adaletinin dolaylı rolü,"CC Arslantaş, M Dursun",2008,acikerisim.nevsehir.edu.tr
[KİTAP] Christ stopped at Eboli,"C Levi, F Frenaye",1949,psi329.cankaya.edu.tr
[ALINTI] Herkes için spor ve fiziksel uygunluk,E Zorba,1995,avesis.gazi.edu.tr
"Uluslararası İlişkiler Teorileri: Çatışma, hegemonya, işbirliği, 2. Baskı",C Arı,2002,avesis.uludag.edu.tr
[PDF] Tüketicinin Tatmini ile satin alma davranişlarini etkileyen faktörlere bütünleşik yaklaşim ve adiyaman ilinde bir alan çalişmasi,"Y Cömert, Y Durmaz","Journal of Yasar University, 2006",journal.yasar.edu.tr
[ALINTI] Sosyal bilgiler öğretim programı.,B Ata,2006,avesis.gazi.edu.tr
Future-oriented sensemaking: Temporalities and institutional legitimation,"R Gephart, Ç Topal, Z Zhang","Process sensemaking and …, 2010",open.metu.edu.tr
Örgütsel stres yönetimi,Ş Aydın,2004,acikerisim.nevsehir.edu.tr
[ALINTI] Klasik mantık,N Öner,1970,dspace.ankara.edu.tr
[ALINTI] Türklerde spor kültürü,Ö Güven,1992,avesis.gazi.edu.tr
[ALINTI] Beden eğitimi ve sporda oyunla eğitim,M Hazar,2005,avesis.gazi.edu.tr
[ALINTI] Lise müdürlerinin problem çözme becerileri,N Güçlü,"Milli eğitim dergisi, 2003",avesis.gazi.edu.tr
[PDF] Die Herkunft der Germanen,G Kossinna,"Zur Methode der Siedlungsarchäologie, 1911",acikders.ankara.edu.tr
Bölgesel kalkınma farklılıklarının giderilmesinde etkin bir araç: bölgesel planlama ve bölgesel kalkınma ajansları,İK Arslan,2005,acikerisim.ticaret.edu.tr
[KİTAP] Irregular migration in Turkey,A İçduygu…,2003,mirekoc.ku.edu.tr
[ALINTI] Toplumsallaşma ve kitlesel iletişim,A Aziz,1982,dspace.ankara.edu.tr
[ALINTI] Radyo ve televizyona giriş,A Aziz,1976,dspace.ankara.edu.tr
[ALINTI] Finansal yönetim I.,MR Türko,1994,earsiv.atauni.edu.tr
Living Islam Women Religion and the Politicization of Culture,AN Saktanber,2002,open.metu.edu.tr
"Assessment of landslide susceptibility by decision trees in the metropolitan area of Istanbul, Turkey","H NEFESLİOĞLU, E Sezer…","Mathematical …, 2010",avesis.akdeniz.edu.tr
[ALINTI] Yeni medya çalışmalarında yeni sorular ve yöntem sorunu,F BİNARK,2007,avesis.hacettepe.edu.tr
Farklı anne baba tutumlarının okul öncesi eğitim çağındaki çocukların özgüven duygusunun gelişimine etkisi (Aksaray ili örneği),A Günalp,2007,acikerisim.selcuk.edu.tr
[PDF] Career Perceptions of Undergraduate Tourism Students: A Case Study in Turkey.,SA Roney,"Journal of Hospitality, Leisure, Sport & Tourism …, 2007",repository.bilkent.edu.tr
"[PDF] Anadolu-Türk şehri: Tarihi gelişmesi, sosyal ve fiziki özellikleri üzerinde bazı gelişmeler",D Kuban,1968,acikerisim.fsm.edu.tr
Kalite yönetimi çerçevesinde bankalarda çalışan personelin iş tatmini ve iş tatminini etkileyen faktörlerin incelenmesine yönelik bir araştırma,"E Örücü, S Yumuşak, Y Bozkır",2006,dspace.balikesir.edu.tr
The effects of project based learning on undergraduate students' achievement and self-efficacy beliefs towards science teaching,"I Bilgin, Y Karakuyu, Y Ay","Eurasia journal of mathematics …, 2015",avesis.ogu.edu.tr
"Üniversite öğrencilerinin sosyal destek, benlik saygısı ve öznel iyi oluş düzeylerinin incelenmesi",Y Saygın,2008,acikerisim.selcuk.edu.tr
[PDF] Diffusion of,"EM Rogers, D Williams","Innovations (Glencoe, IL: The Free Press …, 1983",ocw.metu.edu.tr
[ALINTI] Türkiyede doğumla ilgili âdet ve inanmaların etnolojik etüdü,O Acıpayamlı,1961,earsiv.atauni.edu.tr
[ALINTI] Bitki besleme ve gübreleme,"A Güneş, M Alpaslan, A İnal",2000,dspace.ankara.edu.tr
[KİTAP] Anaphora resolution: the state of the art,R Mitkov,1999,saksagan.ceng.metu.edu.tr
Kurumsal sosyal sorumluluğun marka imajına etkisi,H Özdemir Çakır,2009,acikerisim.ticaret.edu.tr
[PDF] Değerler eğitimi,"K Ulusoy, B Dilmaç","Ankara: Pegem Akademi, 2012",avys.omu.edu.tr
[KİTAP] Epistemik cemaat: Bir bilim sosyolojisi denemesi,H Arslan,1992,bilimname.erciyes.edu.tr
[PDF] The development of consumer desire in marketizing and developing economies: The cases of Romania and Turkey.,"G Ger, RW Belk, DN Lascu","Advances in consumer …, 1993",repository.bilkent.edu.tr
[ALINTI] Eleştirel medya okuryazarlığı,"F BİNARK, M Bek",2007,avesis.hacettepe.edu.tr
[PDF] On decompositions of continuity via idealization,"E Hatır, T Noiri",2002,acikerisim.selcuk.edu.tr
[ALINTI] Yapılandırmacı öğrenme kuramdan uygulamaya,"S Fer, I Cirik",2009,avesis.hacettepe.edu.tr
[ALINTI] Öğretim teknolojileri ve materyal tasarımı,ÖÜS CANDAN,2006,egitim.kastamonu.edu.tr
İş tatmininin örgütsel bağlılık üzerindeki etkisine ilişkin ilaç üretim ve dağıtım firmalarında yapılan bir araştırma,HNÇ Keleş,2006,acikerisim.selcuk.edu.tr
On the generalized fractional derivatives and their Caputo modification,"F Jarad, T Abdeljawad, D Baleanu",2017,earsiv.cankaya.edu.tr
[PDF] İlköğretimde araç gereç kullanımına ilişkin öğretmen görüşleri,NK Fidan,"Kuramsal Eğitimbilim Dergisi, 2008",keg.aku.edu.tr
Örgütsel adalet: Kuramsal bir yaklaşım,NÖ İyigün,2012,acikerisim.ticaret.edu.tr
Sağlık çalışanlarında sağlıklı yaşam biçimi davranışlarının değerlendirilmesi,"M Yalçınkaya, FG Özer…","TSK Koruyucu Hekimlik …, 2007",gcris.pau.edu.tr
[ALINTI] Süt ve mamülleri muayene ve analiz metodları rehberi,A Kurt,1993,earsiv.atauni.edu.tr
[ALINTI] Yabancılara türkçe öğretimi,M Durmuş,2013,avesis.hacettepe.edu.tr
"GIS-based automated landform classification and topographic, landcover and geologic attributes of landforms around the Yazoren Polje, Turkey","Ş Tağıl, J Jenness",2008,dspace.balikesir.edu.tr
[PDF] Okul öncesi dönemde erken akademik beceriler,"Ö Uyanık, A Kandır","Kuramsal Eğitimbilim Dergisi, 2010",keg.aku.edu.tr
[PDF] Türkiye'de büyük kentlerin gecekondu ve çöküntü mahallelerinde yaşanan yoksulluk ve sosyal dışlanma,"F Adaman, Ç Keyder","Poverty and social exclusion with the, 2006",spf.bogazici.edu.tr
[ALINTI] İlkel topluluktan uygar topluma geçiş aşamasında ekonomik toplumsal düşünsel yapıların etkileşimi,A Şenel,1982,dspace.ankara.edu.tr
[ALINTI] Spor fizyolojisi,M Günay,2008,avesis.gazi.edu.tr
Çocuklar için bilgisayar oyun bağımlılığı ölçeği,"MB Horzum, T Ayas, ÖB Çakır",2008,acikerisim.sakarya.edu.tr
[PDF] Siyasetin Toplumsal Tabani,AN Yücekök,"Ankara: Ankara Üniversitesi Siyasal Bilgiler …, 1987",dspace.ankara.edu.tr
Örgütsel vatandaşlık davranışı ile örgütsel bağlılık ve mesleğe bağlılık arasındaki ilişkilerin araştırılması,Ş Aslan,2008,acikerisim.selcuk.edu.tr
[ALINTI] Hadis ıstılahları,T Koçyiğit,1980,dspace.ankara.edu.tr
Destinasyon markalaşma sürecinde yöresel mutfağın rolü Nevşehir örneği,"Z Aslan, E Güneren, G Çoban",2014,acikerisim.nevsehir.edu.tr
Cyber bullying: a new face of peer bullying,Ö Erdur Baker,2007,open.metu.edu.tr
[ALINTI] İlköğretim okulu müdürlerinin yöneticilik davranışlarının öğretmelerin örgütsel bağlılığına etkisi,"ALİ TERZİ, T Kurt","Milli Eğitim, 2005",avesis.gazi.edu.tr
The relationship between school culture and leadership practices,"S Turan, F Bektas","Eurasian Journal of Educational Research, 2013",avesis.uludag.edu.tr
[KİTAP] Dinler tarihine giriş,A Schimmel,1999,dspace.ankara.edu.tr
Kamu ve özel sektör kuruluşlarının örgütsel kültürünün analizi ve kurum kültürünün çalışanların örgütsel bağlılığına etkisi: Görgül bir araştırma,H Kaya,2008,dspace.balikesir.edu.tr
"[PDF] Küreselleşme, bilgi teknolojileri ve üniversite","K Yılmaz, MB Horzum","İnönü Üniversitesi Eğitim Fakültesi Dergisi, 2005",bilecik.edu.tr
[PDF] İlköğretim öğretmenlerinin tükenmişlik yaşantıları ve yeterlik algıları,S Çimen,2007,dspace.kocaeli.edu.tr
Üniversite öğrencilerinde depresif belirtiler ve sosyodemografik özelliklerle ilişkisi,"L Özdel, M Bostancı, O Özdel…","Anadolu Psikiyatri …, 2002",gcris.pau.edu.tr
Eğitimde toplam kalite yönetimi,"M Şişman, S Turan",2004,avesis.uludag.edu.tr
[ALINTI] Öğretmenlik mesleği tutum ölçeğinin geliştirilmesi geçerlik ve güvenirlik çalışması,Ş Çetin,"Gazi üniversitesi endüstriyel sanatlar eğitim fakültesi …, 2006",avesis.gazi.edu.tr
Positive and negative affect schedule: A study of validity and reliability,T Gençöz,2000,open.metu.edu.tr
Parameters of content analysis,"M Calik, M Sözbilir","Egitim ve Bilim-Education and Science, 2014",avesis.atauni.edu.tr
Natural Product as the Storage medium for an avulsed tooth–A Systematic Review,"R Rajakeerthi, N Ms","Cumhuriyet Dental Journal, 2019",cdj.cumhuriyet.edu.tr
Öğretmenin mesleki ve kişisel nitelikleri,"AA Yetim, Z Göktaş",2004,dspace.balikesir.edu.tr
[ALINTI] Öğretim tasarımı,S Fer,2009,avesis.hacettepe.edu.tr
Girişimcilik eğiliminde kişilik özelliklerinin önemi,Ö Bozkurt,"Girişimcilik ve kalkınma dergisi, 2006",acikerisim.lib.comu.edu.tr
[ALINTI] Metinlerarasılık/göstergelerarasılık,K Aktulum,2011,avesis.hacettepe.edu.tr
"[PDF] Effects of physical exercise on quality of life, exercise capacity and pulmonary function in children with asthma","S Basaran, F Guler-Uysal, N Ergen…","Journal of …, 2006",avesis.cu.edu.tr
[PDF] Performans denetimi,D KUBALI,"Amme İdaresi Dergisi, 1999",ammeidaresi.hacibayram.edu.tr
Huzurevinde ve evde yaşayan yaşlılarda algılanan sosyal destek etkenleri ile depresyon arasındaki ilişki,"N Aksüllü, S Doğan",2004,acikerisim.selcuk.edu.tr
[ALINTI] Toprak biliminin esasları,A Ergene,1982,earsiv.atauni.edu.tr
[KİTAP] İletişim odaklı pazarlama (Tüketiciden müşteri yaratmak),İ Bozkurt,2014,earsiv.uskudar.edu.tr
[ALINTI] Öğretmen performansının artırılmasında okul yöneticisinin rolü,N Cemaloğlu,"Milli Eğitim Dergisi, 2002",avesis.gazi.edu.tr
[ALINTI] Bulanık mantık denetleyiciler,Ç Elmas,2003,avesis.gazi.edu.tr
[ALINTI] Çocuklarda kaygı ve bunu etkileyen etmenler,"F Alisinanoğlu, İ Ulutaş","MILLI EGITIM, 2000",avesis.gazi.edu.tr
[ALINTI] Ayın karanlık yüzü yeni medya ve etik,"F BİNARK, G Bayraktutan",2013,avesis.hacettepe.edu.tr
[ALINTI] Fen eğitiminde proje tabanlı öğrenme yaklaşımının ilköğretim öğrencilerinin akademik benlik kavramı ve çalışma sürelerine etkisi,"H Korkmaz, F Kaptan","Hacettepe Universitesi Egitim …, 2002",avesis.hacettepe.edu.tr
[PDF] The control of bovine viral diarrhoea virus in Europe: today and in the future,"A Lindberg, J Brownlie, G Gunn, H Houe…","Plurithematic issue of …, 2006",avys.omu.edu.tr
[ALINTI] Öznel iyi oluş ölçeği nin geliştirilmesi Geçerlik güvenirlik çalışması,M Tuzgöl Dost,"Türk Psikolojik Danışma ve Rehberlik …, 2005",avesis.hacettepe.edu.tr
[ALINTI] Fiziksel aktivite ve fiziksel uygunluk,E Zorba,2009,avesis.gazi.edu.tr
[ALINTI] Matematik korkusunu yenmek,M Baloğlu,"Kuram ve Uygulamada Egitim Bilimleri, 2001",avesis.hacettepe.edu.tr
[ALINTI] Türkiye de yükseköğretim Karşılaştırmalı bir analiz,"T Küçükcan, B GÜR",2009,avesis.hacettepe.edu.tr
[ALINTI] Girişimcilik temel kavramlar ve bazı güncel konular,S Güney,2015,avesis.hacettepe.edu.tr
[PDF] Eğitim fakültesini yeni kazanan öğretmen adaylarının öğretmenlik mesleğine giriş dersini almadan önce ve aldıktan sonra öğretmenlik mesleği hakkındaki …,"G Ocak, M Gündüz",2006,sbd.aku.edu.tr
Okul yöneticilerinin tükenmişlik düzeyleri (burnout) nedenleri ve bazı etken faktörlere göre incelenmesi (Orta Anadolu örneği),H Izgar,2000,acikerisim.selcuk.edu.tr
[ALINTI] Kol Omuz ve El Sorunları Disabilities of the Arm Shoulder and Hand DASH Anketi Türkçe uyarlamasının güvenirliği ve geçerliği,"T Düger, E ÜNAL, Ç Öksüz…","TURKISH …, 2006",avesis.hacettepe.edu.tr
[PDF] Küreselleşme ve kültür,G İçli,"CÜ Sosyal Bilimler Dergisi, 2001",websitem.karatekin.edu.tr
[ALINTI] Kamu sektörünün yönetimi sorununa yeni bir yaklaşım: Yeni kamu işletmeciliği,U Ömürgönülşen,2014,avesis.hacettepe.edu.tr
[PDF] An introduction to insecticides,"GW Ware, DM Whitacre","The pesticide book, 2004",avys.omu.edu.tr
[ALINTI] Tarım ekonomisi istatistiği,"T Güneş, R Arıkan",1980,dspace.ankara.edu.tr
İş doyumu ve motivasyon düzeylerini etkileyen faktörlerin performansla ilişkisi: Turist rehberleri üzerine bir araştırma,Ö Köroğlu,2011,dspace.balikesir.edu.tr
[ALINTI] Et ve ürünlerinde kalite kontrolü ve laboratuvar uygulama kılavuzu,HY Gökalp,1993,earsiv.atauni.edu.tr
[ALINTI] Sorumluluk hukuku açısından uygun illiyet bağı teorisi,F Eren,1975,dspace.ankara.edu.tr
[ALINTI] Özel eğitim gerektiren çocuklar ve özel eğitime giriş,N Aral,2007,dspace.ankara.edu.tr
İşyerinde kişisel internet ve teknoloji kullanımı: Sanal kaytarma,"E Örücü, H Yıldız",2014,dspace.balikesir.edu.tr
Distribution and forms of heavy metals in some agricultural soils,S Marinova,2003,acikerisim.uludag.edu.tr
[PDF] Yeni bir 21. yüzyıl becerisi olarak kodlama eğitimi ve kodlamanın eğitim politikalarına etkisi,"Z Sayın, SS Seferoğlu","Akademik Bilişim Konferansı, 2016",yunus.hacettepe.edu.tr
Crystallization behavior of PET materials,"B Demirel, A Yaraş, H Elcicek",2011,acikerisim.bartin.edu.tr
[ALINTI] Gelişim ve Öğrenme.,N Senemoğlu,2005,avesis.hacettepe.edu.tr
q-Bernoulli numbers and polynomials associated with multiple q-zeta functions and basic L-series,"HM Srivastava, T Kim…","Russian Journal of …, 2005",avesis.akdeniz.edu.tr
"[PDF] Globalization, distribution and social policy: Turkey, 1980-1998","K Boratav, E Yeldan, AH Köse","CEPA and The New School for …, 2000",homes.ieu.edu.tr
[ALINTI] İslamlıktan önce Türklerde tek tanrı inancı,H Tanyu,1980,dspace.ankara.edu.tr
[ALINTI] Eski Türk edebiyatı el kitabı,"M İsen, O Horata, M Macit, İH Aksoyak, F Kılıç",2004,acikerisim.nevsehir.edu.tr
[PDF] DÜNYADA VE TÜRKİYE'DE YOKSULLUK VE KADINLAR.,"M Öztürk, BI Çetin","… of Yaşar University/Yaşar Üniversitesi E …, 2009",journal.yasar.edu.tr
Öğretmen adaylarının bilimsel süreç becerileri ve eleştirel düşünme beceri düzeyleri arasındaki ilişki,Ü Akar,2007,acikerisim.aku.edu.tr
[ALINTI] Sosyal beceri egitiminin üniversite ögrencilerinin sosyal beceri düzeylerine etkisi,G Yüksel,"Türk Psikolojik Danışma ve Rehberlik Dergisi, 1999",avesis.gazi.edu.tr
[KİTAP] Adalet Partisi ideoloji ve politika,T Demirel,2004,earsiv.cankaya.edu.tr
[PDF] Vygotsky'nin yeniden değerlendirilmesi,"M Ergün, S Özsüer",2006,sbd.aku.edu.tr
[PDF] Lozan barış konferansı tutanaklar belgeler,SL Meray,1993,ismailkara.izu.edu.tr
[PDF] Türkiyede çocukluğun politik inşası,GG Öztan,2011,nek.istanbul.edu.tr
"Örgütsel bağlılık, iş motivasyonu ve iş performansı arasındaki ilişki: Antalya'da beş yıldızlı otel işletmelerinde bir inceleme",H Ertan,2008,acikerisim.aku.edu.tr
[KİTAP] Eğitim psikolojisi. Gelişim-öğrenme-öğretim,B Aydın,2014,acikerisim.demiroglu.bilim.edu.tr
Örgütsel vatandaşlık ve örgütsel adalet,İ Atalay,2005,acikerisim.aku.edu.tr
Optical solitons and conservation laws associated with Kudryashov's sextic power-law nonlinearity of refractive index,"E Zayed, R Shohib, M Alngar, A Biswas…","Ukrainian Journal of …, 2021",avesis.bozok.edu.tr
[PDF] Polar codes: A pipelined implementation,E Arıkan,"Proc. 4th ISBC, 2010",ee.bilkent.edu.tr
[PDF] Dijital yerlilerin özellikleri ve çevrim içi ortamların tasarlanmasındaki etkileri,"HG Bilgiç, D Duman, SS Seferoğlu","Akademik Bilişim, 2011",yunus.hacettepe.edu.tr
Using Horn's parallel analysis method in exploratory factor analysis for determining the number of factors,"Ö Çokluk Bökeoğlu, D Koçak","Educational sciences-theory & …, 2016",avesis.ankara.edu.tr
[ALINTI] Türkiye'nin Uzun On Yılı-Demokrat Parti İktidarı ve 27 Mayıs Darbesi,T Demirel,2011,earsiv.cankaya.edu.tr
Mikrobiyoloji II (T),S Hijyeni,2007,veteriner.aku.edu.tr
Sürdürülebilir gastronomi turizmi hareketliliğinde coğrafi işaretlemenin rolü,"FÖ Durlu, S Sünnetçioğlu, A Can",2013,dspace.balikesir.edu.tr
[KİTAP] Ceza muhakemesi hukuku,"C Şahin, N Göktürk",2015,hacibayram.edu.tr
[ALINTI] Çocuk edebiyati,"Z Gürel, F Temizyürek, N ŞAHBAZ",2007,avesis.gazi.edu.tr
İlköğretim branş öğretmenlerinin bireysel yenilikçilik düzeyleri ve yaşam boyu öğrenme eğilimleri (Denizli ili örneği),H Kılıç,2015,gcris.pau.edu.tr
[PDF] The gendered nature of the public sphere,N Göle,"Public culture, 1997",repository.bilkent.edu.tr
[ALINTI] Vücut kompozisyonu ve ölçüm metodları,"E Zorba, M ZİYAGİL",1995,avesis.gazi.edu.tr
"Brandes, Dharwadkar ve Dean'in (1999) örgütsel sinizm ölçeği Türkçe formunun geçerlilik ve güvenilirlik çalışması: Kayseri Organize Sanayi Bölgesi örneği","K Karacaoğlu, F İnce",2012,acikerisim.nevsehir.edu.tr
Misconceptions of cell division held by student teachers in biology: A drawing analysis,M Dikmenli,2010,acikerisim.selcuk.edu.tr
"[PDF] Intravenous dexmedetomidine, but not midazolam, prolongs bupivacaine spinal anesthesia","FN Kaya, B Yavascaoglu, G Turker…","Canadian Journal …, 2010",acikerisim.uludag.edu.tr
[ALINTI] Eğitimde çoklu zekâ kuram ve uygulama,"Ö Demirel, A Başbay, EDA GÜRLEN",2006,avesis.hacettepe.edu.tr
[ALINTI] Erzurum ili ağızları,E Gemalmaz,1978,earsiv.atauni.edu.tr
Ggirişimci kişilik özelliklerinin girişimcilik eğilimindeki etkisi: potansiyel girişimciler üzerinde bir araştırma,"Ö Bozkurt, K Erdurur","Girişimcilik ve Kalkınma Dergisi, 2013",acikerisim.lib.comu.edu.tr
[PDF] Örgütlerin kaçınılmaz sorunu: Yıldırma,N Cemaloğlu,"Bilig, 2007",bilig.yesevi.edu.tr
"[KİTAP] Trade, gender and poverty",N Çagatay,2001,eco.ieu.edu.tr
[KİTAP] Genel turizm,Z Eralp,1983,dspace.ankara.edu.tr
[PDF] Farmakognozi,"M Tanker, N Tanker","Ankara Üniversitesi Eczacılık Fakültesi …, 1990",dspace.ankara.edu.tr
[ALINTI] İlköğretimde çağdaş fen bilgisi öğretiminin önemi ve nasıl olması gerektiği üzerine bir değerlendirme,"A Hançer, Ö Şensoy, H Yıldırım","Pamukkale Üniversitesi Eğitim …, 2003",avesis.gazi.edu.tr
[PDF] Space syntax in architectural design,P Dursun,"6th international space syntax symposium, 2007",spacesyntaxistanbul.itu.edu.tr
[ALINTI] Ankara ve çevresinde adak ve adak yerleri,H Tanyu,1967,dspace.ankara.edu.tr
[PDF] Conzenian urban morphology and urban landscapes,JWR Whitehand,"6th International Space Syntax …, 2007",spacesyntaxistanbul.itu.edu.tr
[KİTAP] Yerel yönetimler,R Şengül,2010,dspace.kocaeli.edu.tr
[PDF] Yaşam Boyu Öğrenmeyi Etkileyen Faktörler.,"S Günüç, HF Odabaşı, A Kuzu","Gaziantep University Journal of …, 2012",avys.omu.edu.tr
[ALINTI] İşgören-işveren ilişkilerinde yeni bir paradigma: Örgütsel sinizm,"Ş Özgener, A Öğüt, M Kaplan",2008,acikerisim.nevsehir.edu.tr
[PDF] Neo-liberal politikalar ve yönetişim modeli,S GÜZELSARI,"Amme İdaresi Dergisi, 2003",ammeidaresi.hacibayram.edu.tr
[ALINTI] İşârî tefsir okulu,S Ateş,1974,dspace.ankara.edu.tr
[PDF] Constrained heuristic search,"MS Fox, N Sadeh, C Baykan","Proceedings of the Eleventh …, 1989",users.metu.edu.tr
"Yeni Bir Çevre Eğitimi Perspektifi:"" Sürdürülebilir Gelişme Amaçlı Eğitim""",O Özdemir,2007,acikerisim.mu.edu.tr
"School belonging of adolescents: The role of teacher-student relationships, peer relationships and family involvement","F Uslu, S Gizir","Educational Sciences-Theory & Practice, 2017",avesis.cu.edu.tr
"[ALINTI] Sağlık Sektörü"" Temel Kavramlar ve Avrupa Birliği'nde Durum ve Türkiye'nin Birliğe Uyumu""",R Akdur,2006,dspace.ankara.edu.tr
[PDF] İç kontrol ve iç denetim faaliyetlerinin kapsamında meydana gelen değişimler,M Demirbaş,2005,ticaret.edu.tr
[ALINTI] Ceza muhakemesi hukuku,D Soyaslan,2018,earsiv.cankaya.edu.tr
[PDF] Örgütlerde resmi olmayan iletişimin yeri ve önemi,M Atak,"Journal of Aeronautics and Space Technologies, 2005",jast.hho.msu.edu.tr
[ALINTI] Öğrenme stiline dayalı öğretim ve biyoloji dersi öğretimine yönelik ders planı örnekleri,G Ekici,2003,avesis.gazi.edu.tr
İş yaşamında psiko-şiddet sarmalı olarak yıldırma olgusu ve nedenleri,S Kök Bayrak,"Selçuk Üniversitesi Sosyal Bilimler Enstitüsü Dergisi, 2006",gcris.pau.edu.tr
Değerler eğitimi programının 6 yaş çocuklarının sosyal ve duygusal gelişimlerine etkisi,AÖ Samur,2011,acikerisim.selcuk.edu.tr
Kadın yöneticilerde kariyer engelleri: cam tavan sendromu üzerine uygulamalı bir araştırma,A Karaca,2007,acikerisim.selcuk.edu.tr
"[PDF] Anxiety: Insights into signs, symptoms, etiology, pathophysiology, and treatment","AA Adwas, JM Jbireal, AE Azab","East African Scholars Journal of …, 2019",avys.omu.edu.tr
[ALINTI] Su ürünleri işleme teknolojisi,"C VARLIK, S MOL TOKAY",2004,acikerisim.istanbul.edu.tr
The effect of project based learning on seventh grade students' academic achievement,"O Kızkapan, O Bektaş",2017,acikerisim.nevsehir.edu.tr
[ALINTI] Halkla ilişkiler,M Kazancı,1980,dspace.ankara.edu.tr
[ALINTI] Öğretmenlik mesleği ve öğretmenin nitelikleri,A Oktay,1991,openaccess.marmara.edu.tr
[PDF] Toplumsal cinsiyete dayalı ayrımcılık,A Bora,"Ayrımcılık çok boyutlu yaklaşımlar, 2012",cws.emu.edu.tr
[ALINTI] Farklı boyutlarıyla yaşlılık,F ARPACİ,2005,avesis.gazi.edu.tr
MATEC web of conferences,"MM Tezcan, AG Yetgin, AI Canakoglu, B Cevher…",2018,acikerisim.sakarya.edu.tr
Özel okullarda ve devlet okullarında çalışan ilköğretim öğretmenlerinin uzaktan eğitime karşı tutumlarının belirlenmesi,F Ağır,2007,acikerisim.balikesir.edu.tr
Türkiye'de vergi ve ekonomik büyüme ilişkisi: VAR Analiz (1975-2006),"M Mucuk, V Alptekin",2008,acikerisim.selcuk.edu.tr
[ALINTI] Eski Türk Edebiyatında Mazmunlar ve İzahı,C KURNAZ,1996,avesis.gazi.edu.tr
Triple sequences and their statistical convergence,"A Şahiner, M Gürdal, FK Düden",2007,acikerisim.selcuk.edu.tr
Kullanımlar ve doyumlar yaklaşımı bağlamında sosyal medya kullanımı: Gümüşhane Üniversitesi üzerine bir araştırma,HA Bekiroğlu,"İletişim Kuram ve Araştırma Dergisi, 2011",acikerisim.gumushane.edu.tr
Determinants of capital adequacy ratio in Turkish Banks: A panel data analysis,"A Büyükkşalvarcı, H Abdioğlu",2011,dspace.balikesir.edu.tr
Medya bağımlılığı teorisi doğrultusunda internet kullanımının etkileri ve internet bağımlılığı,U Işık,2007,acikerisim.selcuk.edu.tr
Hastanelerde liderlik ve örgütsel bağlılık arasındaki ilişkinin incelenmesi,A Karahan,2008,acikerisim.aku.edu.tr
Role of free radicals in peptic ulcer and gastritis,"S Demir, M Yılmaz, M Köseoğlu, N Akalin…","Turkish journal of …, 2003",gcris.pau.edu.tr
Effects of salt stress on pigment and total soluble protein contents of three different tomato cultivars,"ZB Doganlar, K Demir, H Basak, I Gul",2010,openaccess.ahievran.edu.tr
Üç aşamalı sorularla öğrencilerin ısı ve sıcaklık konularındaki kavram yanılgılarının ölçülmesi,A Eryılmaz,2002,open.metu.edu.tr
Misuses of KR-20 and Cronbach's alpha reliability coefficients,Ş Tan,2009,acikerisim.uludag.edu.tr
"[PDF] Duyguları fark etmeye ve ifade etmeye yönelik bir psiko-eğitim programının, üniversite öğrencilerinin duygusal farkındalık düzeylerine, duyguları ifade etme …",Y Kuzucu,2006,dspace.ankara.edu.tr
[KİTAP] Vergi hukuku,N Bilici,2018,earsiv.cankaya.edu.tr
Öz yeterlilik ve tükenmişlik ilişkisi: lider-üye etkileşiminin aracılık etkisi,Oİ Bolat,2011,dspace.balikesir.edu.tr
Facebook addiction among university students in Turkey:“Selcuk University example”,"Ş Balcı, A Gölcü",2013,acikerisim.selcuk.edu.tr
[ALINTI] Özel gereksinimi olan çocuklar ve eğitimleri özel eğitim,"Ö Ersoy, N AVCI",2001,avesis.gazi.edu.tr
Novel fractional-order Lagrangian to describe motion of beam on nanowire,"VS Erturk, E Godwe, D Baleanu, P Kumar, J Asad…",2021,earsiv.cankaya.edu.tr
A-statistical convergence of approximating operators,"O Duman, MK Khan, C Orhan","Mathematical Inequalities & …, 2003",avesis.ankara.edu.tr
[ALINTI] Okul deneyimi ve öğretmenlik uygulaması derslerine ilişkin görüşlerin yansımaları,A Ali,2003,acikarsiv.beun.edu.tr
[ALINTI] 21. yüzyıl becerileri işığında fatih projesi değerlendirmesi,"S Eryılmaz, Ç Uluyol","Gazi Eğitim Fakültesi Dergisi, 2015",avesis.gazi.edu.tr
Üniversite öğrencilerinin karar vermede öz saygı karar verme stilleri ve problem çözme becerileri arasındaki ilişkinin incelenmesi üzerine bir araştırma,M Deniz,2004,acikerisim.selcuk.edu.tr
[PDF] İlköğretim 8 sınıf öğrencilerinin karikatürler aracılığıyla çevre sorunlarına ilişkin algıları,"F Seçgin, Y Gamze, T Çetin",2010,avesis.gazi.edu.tr
Diffusion-thermo and thermal-diffusion effects in transient and steady natural convection from a vertical surface,Z Dursunkaya,1992,open.metu.edu.tr
Randic matrix and Randic energy,"ŞB Bozkurt, AD Güngör, I Gutman, AS Cevik",2010,acikerisim.selcuk.edu.tr
[ALINTI] Metinlerarası ilişkiler,K Aktulum,2014,avesis.hacettepe.edu.tr
The relationship between organizational commitment and work performance: a case of ındustrial enterprises,"M Kaplan, A Kaplan",2018,acikerisim.nevsehir.edu.tr
"[PDF] The relationship between internet addiction, peer pressure and perceived social support among adolescents","BK Esen, M Gündoğdu","The International Journal of …, 2010",apbseski.mersin.edu.tr
İnsan bilgisayar etkileşimi ve kullanılabilirlik mühendisliği: Teoriden pratiğe,K Çağıltay,2018,open.metu.edu.tr
"[PDF] The effect of salt stress on growth, chlorophyll content, lipid peroxidation and antioxidative enzymes of pumpkin seedling","S Sevengor, F Yasar, S Kusvuran…","African Journal of …, 2011",websitem.karatekin.edu.tr
Durum çalışması,H Akar,"Nitel Araştırma Desenleri, 2015",open.metu.edu.tr
"Finansal okuryazarlık-finansal bilgi, davranış ve tutum: Nevşehir Hacı Bektaş Veli Üniversitesi İİBF öğrencileri üzerine bir uygulama","A Alkaya, İ Yağlı",2015,acikerisim.nevsehir.edu.tr
[PDF] Probabilities and statistics on Riemannian manifolds: Basic tools for geometric measurements.,X Pennec,"NSIP, 1999",ee.bilkent.edu.tr
[ALINTI] Türkiye'de kırsal kalkınma: Kavramlar-politikalar-uygulamalar,M Bakırcı,2007,acikerisim.istanbul.edu.tr
Üniversite öğrencilerinin öz-anlayış düzeylerinin bilinçli farkındalık kişilik özellikleri ve bazı değişkenler açısından incelenmesi,Z Özyeşil,2011,acikerisim.selcuk.edu.tr
[KİTAP] Mikro ekonomi,MZ Dinçer,2018,avys.omu.edu.tr
[ALINTI] Anadolu da Türkmen Aşiretleri,T Gündüz,2008,avesis.hacettepe.edu.tr
Turistik satın alma davranışında destinasyon imajının rolü Afyonkarahisar bölgesinde bir araştırma,A Pekyaman,2008,acikerisim.aku.edu.tr
"Elementary students' metacognition and epistemological beliefs considering science achievement, gender and socioeconomic status","MS Topçu, Ö Yılmaz Tüzün",2009,open.metu.edu.tr
[ALINTI] Kısa öykü ve dilbilimsel eleştiri,A Erden,2010,earsiv.cankaya.edu.tr
[ALINTI] Folklor ve metinlerarasılık,K Aktulum,2013,avesis.hacettepe.edu.tr
[PDF] A painless guide to CRC error detection algorithms,R Williams,"Internet publication, August, 1993",ceng2.ktu.edu.tr
Genotypic response of chickpea (Cicer arietinum L.) cultivars to drought stress implemented at pre-and post-anthesis stages and its relations with nutrient uptake and …,"A Gunes, N Cicek, A Inal, M Alpaslan…","Plant, Soil and …, 2006",avesis.ankara.edu.tr
[ALINTI] Yapılandırmacı öğrenme ortamı için bir fen ders kitabı nasıl olmalı,"F Köseoğlu, B Atasoy, N Kavak, H Tümay, H Akkuş…",2003,avesis.gazi.edu.tr
[PDF] Dinleme eğitimi ve dinlemeyi etkileyen faktörler,M Çifçi,2001,sbd.aku.edu.tr
"Predicting the relationships between brittleness and mechanical properties (UCS, TS and SH) of rocks","R Altındağ, A Güney",2010,acikerisim.mu.edu.tr
[ALINTI] Fiziksel istismar ve çocuk,N Aral,1997,dspace.ankara.edu.tr
[KİTAP] Tipik yapılarıyla Osmanlı şehirciliğinde çarşı ve klasik dönem imar sistemi,M Cezar,1985,acikerisim.msgsu.edu.tr
The effects of macroeconomics variables on stock returns: Evidence from Turkey,A Büyükşalvarci,2010,acikerisim.selcuk.edu.tr
Creative design exploration by parametric generative systems in architecture,İ Gürsel Dino,2012,open.metu.edu.tr
Destinasyon çekicilik unsuru olarak gastronomi turizmi (Balıkesir ili örneği),G Göker,2011,dspace.balikesir.edu.tr
"[ALINTI] Sosyal bilgiler tanımı, dünyada ve ülkemizde gelişimi ve önemi",G KILIÇOĞLU,2009,avesis.gazi.edu.tr
[ALINTI] Duyuşsal özelliklerin ölçülmesi için araç oluşturma,S Tekindal,2009,dspace.kocaeli.edu.tr
KOBİ'lerde inovasyon stratejileri ve inovasyon yapmayı etkileyen faktörler: bir uygulama,"E Örücü, R Kılıç, A Savaş",2011,dspace.balikesir.edu.tr
[ALINTI] Öğretmen yeterliklerinin belirlenmesi,ALİ ŞAHİN,"Bilim ve Aklın Aydınlığında Eğitim, 2004",avesis.hacettepe.edu.tr
[ALINTI] Et ürünleri işleme mühendisliği,"HY Gökalp, M Kaya, Ö Zorba",1999,earsiv.atauni.edu.tr
The structure of lactate dehydrogenase from Plasmodium falciparum reveals a new target for anti-malarial design,"CR Dunn, MJ Banfield, JJ Barker…","Nature Structural …, 1996",avesis.yildiz.edu.tr
Çok boyutlu performans değerleme modelleri ve bir balanced scorecard uygulaması,"V Ağca, E Tunçer",2006,acikerisim.aku.edu.tr
"[KİTAP] Kim var imiş biz burada yoğ iken: Dört Osmanlı: Yeniçeri, Tüccar, Derviş ve Hatun",C Kafadar,2009,mutalaa.karabuk.edu.tr
Sosyal güvenlik,"İ Yardım, İ Hijyeni, Y Dil II, İ Sağlığı, II Güvenliği",1992,dosya.kmu.edu.tr
Destinasyon pazarlamasında marka imajı ve seyahat acentalarında bir araştırma,MO İlban,2007,dspace.balikesir.edu.tr
[PDF] Wavelet domain image resolution enhancement using cycle-spinning,"A Temizel, T Vlachos","Electronics Letters, 2005",blog.metu.edu.tr
Öğrenmeyi öğretme,B Özer,2008,i-rep.emu.edu.tr
Yeşilçam öykü sineması,S Kırel,2005,avesis.marmara.edu.tr
[ALINTI] Türkiye nin Demografik Dönüşümü Doğurganlık Aile Planlaması Anne Çocuk Sağlığı ve Beş Yaş Altı Ölümlerdeki Değişimler 1968 2008,"İ Koç, M ERYURT, T ADALI, P Çağatay",2010,avesis.hacettepe.edu.tr
"Gebelerin stresle başa çıkma, depresyon ve prenatal bağlanma düzeyleri ve bunları etkileyen faktörler","SD Yılmaz, NK Beji",2010,acikerisim.selcuk.edu.tr
[KİTAP] Din sosyolojisi,"H Freyer, T Kalpsüz",1964,dspace.ankara.edu.tr
Güvenlik çalışmalarında yeni açılımlar: Yeni güvenlik çalışmaları,P Bilgin,2010,repository.bilkent.edu.tr
[PDF] Turkey's Transformation Under the AKP Rule.,M Cinar,"Muslim World, 2006",repository.bilkent.edu.tr
[ALINTI] Psikolojik danışma ilke ve teknikleri: Psikolojik yardım süreci el kitabı,"T ERGENE, S SEVİM",2008,avesis.hacettepe.edu.tr
Örgütsel güven ve örgütsel vatandaşlık davranışı,"C Yücel, G SAMANCI KALAYCI","Fırat Üniversitesi Sosyal Bilimler …, 2009",avesis.usak.edu.tr
[PDF] Üstün çocuklar,Ü Davaslıgil,1990,openaccess.iku.edu.tr
[PDF] Toplumsal cinsiyet ve eğitim,F Sayılan,"Ankara: Dipnot Yayınları, 2012",avys.omu.edu.tr
[ALINTI] Halkla ilişkiler açısından örgüt sosyolojisine giriş,M Varol,1993,dspace.ankara.edu.tr
[ALINTI] İlköğretimde etkili kaynaştırma uygulamaları,N SUCUOĞLU,2007,avesis.hacettepe.edu.tr
"[PDF] Antimicrobial activities and usage in folkloric medicine of some Lamiaceae species growing in Mugla, Turkey","N Sarac, A Ugur","EurAsian Journal of BioSciences, 2007",acikerisim.mu.edu.tr
[ALINTI] Egzersiz fizyolojisi,"M Günay, H CİCİOĞLU",1998,avesis.gazi.edu.tr
[ALINTI] Okullarda ölçme ve değerlendirme yöntemleri,S Tekindal,2009,dspace.kocaeli.edu.tr
On the solutions of fractional differential equations via Geraghty type hybrid contractions,"RS Adiguzel, U Aksoy, E Karapınar, IM Erhan",2021,earsiv.cankaya.edu.tr
Prevalence and characteristics of supernumerary teeth in a non-syndrome Turkish population: associated pathologies and proposed treatment,"M Celikoglu, H Kamak, H Oktay","Medicina Oral Patologia Oral …, 2010",avesis.akdeniz.edu.tr
"Kimya öǧreniminde alternatif yollar: Animasyon, simülasyon, video ve multimedya ile öǧrenme",B Pekdağ,2010,dspace.balikesir.edu.tr
Türkiye'de İslamcılık Düşüncesi Metinler-Kişiler,İ Kara,1987,ismailkara.izu.edu.tr
[PDF] Portföy yönetimi ve portföy seçimine yönelik uygulama,"Ö Demirtaş, Z Güngör","Journal of Aeronautics and Space …, 2004",jast.hho.msu.edu.tr
Kurum imajı analizi ve bir belediye üzerindeki uygulamanın değerlendirilmesi,"N Gemlik, Ü Sığrı",2007,acikerisim.ticaret.edu.tr
Edebiyat ve psikoloji,İ Emre,2005,avesis.cumhuriyet.edu.tr
İlköğretim ve ortaöğretim okullarının eğitim programlarında öğrenme stratejileri,B Özer,2002,i-rep.emu.edu.tr
[ALINTI] Kuramdan uygulamaya öğretim yöntemleri,M TAŞPINAR,2005,avesis.gazi.edu.tr
[ALINTI] Sınıf öğretmenlerinin yeni ilköğretim ders programlarının uygulanmasına ilişkin görüşleri,S Güven,"Milli Eğitim Dergisi, 2008",avesis.gazi.edu.tr
Kurumsal sosyal sorumluluk projeleri,E Özgen,2006,avesis.marmara.edu.tr
"Hastanelerde tıbbi hata görülme sıklıkları, tıbbi hata türleri ve tıbbi hata nedenlerinin belirlenmesi: Konya örneği","M Özata, H Altunkan",2010,acikerisim.selcuk.edu.tr
[ALINTI] Bitki besleme uygulama kılavuzu,B Kaçar,1984,dspace.ankara.edu.tr
[ALINTI] Sosyal beceri envanteri el kitabı,G Yüksel,2004,avesis.gazi.edu.tr
Ceza Hukuku Genel Hükümler-I,"B Dönmez, S Odaman, I Özkan, ÖÜE Aydın…",2022,flaw.yasar.edu.tr
"Oyun, oyuncak ve çocuk","A Egemen, Ö Yılmaz, İ Akil",2004,adudspace.adu.edu.tr
[PDF] Türkiye'de yerel kültürün turizm odaklı kalkınmadaki rolü: Gastronomi turizmi örneği,IB Çağlı,2012,polen.itu.edu.tr
[ALINTI] Tarih eğitimi makaleler ve bildiriler,M Safran,2006,avesis.gazi.edu.tr
Üniversite öğrencilerin karar verme stratejileri ve sosyal beceri düzeylerinin TA-baskın ben durumları ve bazı özlük niteliklerine göre karşılaştırmalı olarak incelenmesi,ME Deniz,2002,acikerisim.selcuk.edu.tr
[PDF] Somatoform disorders,"LJ Kirmayer, S Taillefer","Adult psychopathology and diagnosis, 1997",avys.omu.edu.tr
An analysis of pre-school teachers' and student teachers' attitudes to inclusion and their self-efficacy,"H Sarı, N Çeliköz, Z Seçer",2009,acikerisim.selcuk.edu.tr
İlişkilerle ilgili bilişsel çarpıtmalar ve evlilikte problem çözme becerilerinin evlilik doyumu ile ilişkisi,N Güven,2005,dspace.ankara.edu.tr
[PDF] Sanayi ve sanayi tarihi,D Günay,"Mimar ve Mühendis Dergisi, 2002",avys.omu.edu.tr
[ALINTI] İcra ve İflas Hukuku,"R Arslan, E Yılmaz, S Taşpınar Ayvaz, E Hanağası",2018,gcris.etu.edu.tr
[ALINTI] Geleceğin öğretmenlerinin kitap okumaya ilişkin görüşlerinin değerlendirilmesi (Fırat Üniversitesi Eğitim Fakültesi örneği),MN Gömleksiz,"Yüzüncü Yıl Üniversitesi, Elektronik Eğitim …, 2004",efdergi.yyu.edu.tr
[ALINTI] Suçun unsurları,U Alacakaptan,1970,dspace.ankara.edu.tr
[ALINTI] Türkiye'nin flora bölgeleri ve Anadolu Diagonali'ne coğrafi bir yaklaşım,M AVCI,1993,acikerisim.istanbul.edu.tr
[ALINTI] Sınıf öğretmenlerinin kendi mesleki gelişimleriyle ilgili görüşleri beklentileri ve önerileri,S Seferoğlu,"Milli Eğitim Dergisi, 2001",avesis.hacettepe.edu.tr
[PDF] Ergenlerde siber zorbalık/siber mağduriyet yaşantıları ve bu davranışlara ilişkin öğretmen ve eğitim yöneticilerinin görüşleri,H Serin,"… Doktora Tezi. İstanbul Üniversitesi, Sosyal Bilimler …, 2012",nek.istanbul.edu.tr
[ALINTI] Temel hakların sınırlanması ve özü,F Sağlam,1982,dspace.ankara.edu.tr
[PDF] Harran Üniversitesi Tıp Fakültesi hekimlerinin iş doyumu ve tükenmişlik düzeyleri,MA Kurçer,"Harran Üniversitesi Tıp Fakültesi Dergisi, 2005",harran.edu.tr
[ALINTI] Yönetsel etik ve yönetsel etiğin oluşmasında insan kaynakları yönetiminin rolünü belirlemeye yönelik bir analiz,"H Saylı, D Kızıldağ",2007,acikerisim.aku.edu.tr
[PDF] Öğretmen adaylarının yaşam doyumları ile öğretmenlik mesleğine ilişkin tutumları arasındaki ilişkinin incelenmesi,E Recepoğlu,"Hacettepe Üniversitesi Eğitim Fakültesi …, 2013",efdergi.hacettepe.edu.tr
An investigation on the relationship between Van Hiele geometric level of thinking and demographic variables for preservice elementary school teachers,A Duatepe,2000,open.metu.edu.tr
[PDF] Ergenlik dönemi gelişimsel ödevleri ve psikolojik problemler,E Dinçel,"… Yüksek Lisans Tezi, Ankara Üniversitesi Sosyal …, 2006",dspace.ankara.edu.tr
[ALINTI] Benlik kavramı ve bireyin yaşamındaki etkileri,E Aslan,1992,openaccess.marmara.edu.tr
[ALINTI] Sınıf mücadelesi ve kent mekânı,HT Şengül,2001,open.metu.edu.tr
[PDF] Öğretmenlerin sınıf yönetimi tutumlarının öğrencilerin gelişimi üzerindeki etkileri: Fenomenolojik bir çözümleme,Ş Sezer,2018,efdergi.hacettepe.edu.tr
[PDF] PSİKOLOJİK VE SOSYAL YÖNDEN YÜKÜMLÜLERİN VERGİYE KARŞI TUTUM VE TEPKİLERİ,"H Çiçek, DOÇDRE SONSUZOĞLU",2006,nek.istanbul.edu.tr
[ALINTI] Modern devlet ve polis,F Ergut,2004,open.metu.edu.tr
[KİTAP] Güdüleme yöntemleri,M İnceoğlu,1985,dspace.ankara.edu.tr
[KİTAP] Kur'an'da Allah ve İnsan,"T İzutsu, S Ateş",1975,dspace.ankara.edu.tr
"[HTML] Sosyal destek, sosyal ağ, yaşam kalitesi ve yaşam doyumu: Duygu-durum ve anksiyete bozukluğu tanısı alan kişiler ve düzenli hemodiyaliz tedavisi gören …",BB Annak,2023,acikerisim.mersin.edu.tr
[PDF] Make better decisions,TH Davenport,"Harvard business review, 2009",ie404.cankaya.edu.tr
[PDF] ANKARA UNIVERSITESI FEN BILIMLERI ENSTITUSU,S YONTEMLERI,2008,dspace.ankara.edu.tr
MEB okul öncesi eğitim programının çevre eğitimi açısından analizi,"HG Ogelman, G Ekici","Journal of Turkish Science Education, 2010",gcris.pau.edu.tr
[PDF] FOLKLOR NED‹ R?,A Dundes,"Folklore, 1965",avys.omu.edu.tr
Educational technology research patterns in the realm of the digital knowledge age,A Bozkurt,"Journal of Interactive Media in Education, 2020",avesis.anadolu.edu.tr
[ALINTI] TÜRKİYE DE MESLEKİ VE TEKNİK EĞİTİM MEVCUTDURUM SORUNLAR VE ÇÖZÜM ÖNERİLERİ,"İ Şahin, T Fındık","Türkiye Sosyal Araştırmalar Dergisi, 2008",avesis.gazi.edu.tr
Termal turizm amaçlı seyahat eden turistlerde destinasyon imajı: Gönen örneği,"MO İlban, A Köroğlu, D Bozok",2008,acikerisim.ticaret.edu.tr
[ALINTI] Obezite,"G Akbulut, M ÖZMEN, H BESLER","Bilim Teknik Dergisi, 2014",avesis.gazi.edu.tr
[PDF] Understanding the Linux 2.6. 8.1 CPU scheduler,J Aas,"Retrieved Oct, 2005",cs.bilkent.edu.tr
[ALINTI] Türkiye'ye Özgü Besin ve Beslenme Rehberi.,"H BESLER, N RAKICIOĞLU, A AYAZ…",2015,avesis.hacettepe.edu.tr
[ALINTI] Deneme tekniği,"M Alpaslan, A Güneş, A İnal",1998,dspace.ankara.edu.tr
[KİTAP] Spor işletmeciliği,"G Ekenci, AF İmamoğlu",2002,gavsispanel.gelisim.edu.tr
[PDF] The effect of the worksheets on students' achievement in chemical equilibrium,"N Yildirim, K Sevil, A Alipaþa","Journal of Turkish Science …, 2011",repository.bilkent.edu.tr
Üstbiliş,A Çakıroğlu,2007,acikerisim.aksaray.edu.tr
[KİTAP] İlk çağ felsefesi tarihi,K Birand,1958,dspace.ankara.edu.tr
"[PDF] Zaviyeler (Dini, sosyal ve kültürel tarih açısından bir deneme)",AY Ocak,1978,acikerisim.fsm.edu.tr
Çok yönlü algılanan sosyal desteğin 15-18 yaş arası lise öğrencilerinde problem çözme becerisine ve benlik saygısına etkisi,A Ünüvar,2003,acikerisim.selcuk.edu.tr
KÜRESELLEŞME SÜRECİNDE KENTLERİN TARİHSEL-KÜLTÜREL DEĞERLERİNİN KORUNMASI-TÜRKİYE-BODRUM ÖRNEĞİ,"HP Kiper, ATD MENGİ",2006,dspace.ankara.edu.tr
[KİTAP] Eleştirel düşünme,"İ Gürkaynak, F Üstel, S Gülgöz",2009,acikerisim.bahcesehir.edu.tr
[ALINTI] Okul öncesi eğitim kurumuna devam eden 60–72 aylık çocukların problem davranışlarının bazı değişkenlere göre incelenmesi,"S Özbey, F Alisinanoğlu","The Journal of International Social …, 2009",avesis.gazi.edu.tr
[ALINTI] Küresel eğilimler ışığında Türkiye de uluslararası öğrenciler,"M Özoğlu, B Gür, İ Coşkun",2012,avesis.hacettepe.edu.tr
"Üniversite öğrencilerinin yakın ilişkilerindeki bazı değişkenlerin (benlik saygısı, depresyon ve saplantılı düşünme) bağlanma stilleri açısından incelenmesi",E Hamarta,2004,acikerisim.selcuk.edu.tr
[PDF] Unutulan Bir Toplumsal Amaç: Sanayileşme Ne Oluyor? Ne Olmalı?,"F Şenses, E Taymaz","İktisat Üzerine Yazılar II: İktisadi Kalkınma …, 2003",erc.metu.edu.tr
"Başaçıkma, dinî başaçıkma ve ruh sağlığı arasındaki ilişki üzerine bir araştırma: Eğitim, ilahiyat ve mühendislik fakültesi öğrencilerinin karşılaştırılması",H Ekşi,2001,acikerisim.uludag.edu.tr
Determination of pain in muscoloskeletal system reported by office workers and the pain risk factors,"S Celik, E Dirimeşe, N Taşdemir, K Çelik, T Arık…",2018,acikerisim.bartin.edu.tr
[ALINTI] Konuşma eğitimi,F Temizyürek,2011,avesis.gazi.edu.tr
[ALINTI] Okul öncesinde fen eğitimi,"F Alisinanoğlu, S Özbey, G Kahveci",2011,avesis.gazi.edu.tr
Sağlığın tanımı: başaçıkma,"C Kesgin, A Topuzoğlu",2006,openaccess.iku.edu.tr
Küreselleşme kavramı ve küreselleşmeye yönelik yaklaşımlar,D Kürkçü-Dumanlı,2013,openaccess.iku.edu.tr
Kişilerarası çatışma çözme ve problem çözme yaklaşımlarının yükleme karmaşıklığı açısından incelenmesi,C Arslan,2005,acikerisim.selcuk.edu.tr
"Academic optimism, hope and zest for work as predictors of teacher self-efficacy and perceived success","F Sezgin, O Erdogan","Educational Sciences-Theory & Practice, 2015",avesis.gazi.edu.tr
21. yüzyılda girişimcinin yeni özelliği: Duygusal zekâ,N Yelkikalan,"Girişimcilik ve Kalkınma Dergisi, 2006",acikerisim.lib.comu.edu.tr
Investigation of personal qualities contributing to psyhological resilience among earthquake survivors: A model testing study,Ö Karaırmak,2007,open.metu.edu.tr
[ALINTI] Cumhuriyet dönemi Türk şiirinde Garip hareketi,H Sazyek,2006,dspace.kocaeli.edu.tr
[PDF] A robust time-cost-quality-energy-environment trade-off with resource-constrained in project management: A case study for a bridge construction project,"R Lotfi, Z Yadegari, S Hosseini…","Journal of Industrial …, 2022",avesis.metu.edu.tr
[ALINTI] Spor eğitiminin temelleri,G Demirhan,2006,avesis.hacettepe.edu.tr
[ALINTI] Toplumsal gelişmede radyo ve televizyon,Ü Oskay,1971,dspace.ankara.edu.tr
"[PDF] Türkiye'de yerel yönetimler ve yönetişim: gereksinmeler, önermeler, yönelimler",K Göymen,"Çağdaş Yerel Yönetimler Dergisi, 2000",cyy.hacibayram.edu.tr
Freshwater fishes of Turkey; a revised and updated annotated checklist,"E Çiçek, S Sungur, R Fricke",2015,acikerisim.nevsehir.edu.tr
[KİTAP] İdare Hukuku Teorik Çalışma Kitabı,"O Sancakdar, L Burcu, E Us Doğan…",2021,earsiv.cankaya.edu.tr
[ALINTI] Hayvan ıslahı,"O Düzgüneş, A Eliçin, N Akman",1987,dspace.ankara.edu.tr
[ALINTI] Öğrtmenlerin Etik Davranışları,FD Gözütok,1999,dspace.ankara.edu.tr
[ALINTI] İlkokuma yazma öğretimi,N Cemaloğlu,2000,avesis.gazi.edu.tr
[KİTAP] Muhasebe denetimi,V Haftacı,2007,dspace.kocaeli.edu.tr
Sınıf öğretmenliği ikinci sınıf öğrencilerinin çevre ve çevre sorunlarına yönelik tutumları,GH Erol,2005,gcris.pau.edu.tr
[ALINTI] Kitle haberleşmesi teorilerine giriş,Ü Oskay,1992,dspace.ankara.edu.tr
Okul öncesi eğitim alan ve almayan ilköğretim birinci sınıf öğrencilerinin sosyal becerilere sahip olma düzeyleri,E Erbay,2008,gcris.pau.edu.tr
"What would you do without your smartphone? Adolescents' social media usage, locus of control, and loneliness as a predictor of nomophobia",H Yıldız Durak,2018,acikerisim.bartin.edu.tr
Free vibration and bending analyses of cantilever microtubules based on nonlocal continuum model,"Ö Civalek, C Demir, B Akgöz","… and Computational Applications, 2010",avesis.akdeniz.edu.tr
Fen bilgisi öğretmen adaylarının 5E öğretim modelinin kullanılabilirliği hakkındaki görüşleri,"AE Bozdoğan, A Altunçekiç",2007,openaccess.ahievran.edu.tr
Türk dininin sosyolojik imkânı: İslâm Protestanlığı ve Alevilik,Y Aktay,1999,avesis.aybu.edu.tr
[ALINTI] Bir felsefe dalı olarak etik,H Tepe,"DoğuBatı, 1998",avesis.hacettepe.edu.tr
[KİTAP] İş hukuku,T Esener,1975,dspace.ankara.edu.tr
[ALINTI] Okul öncesi eğitim kurumlarında eğitim ortamı ve donanım,"S Demiriz, A Karadağ, İ Ulutaş",2011,avesis.gazi.edu.tr
"The effects of formative assessment on academic achievement, attitudes toward the lesson, and self-regulation skills","C Ozan, R Kincal","Educational Sciences-Theory & Practice, 2018",avesis.atauni.edu.tr
Ergenlerde bağlanma stilleri ile çocukluk istismarları ve suçluluk-utanç arasındaki ilişki,M Deniz,2006,acikerisim.selcuk.edu.tr
İlköğretim ikinci kademe öğrencilerinin okuduğunu anlama düzeyleri ile Türkçe dersine karşı tutumları ve akademik başarıları arasındaki ilişki,M Ateş,2008,acikerisim.selcuk.edu.tr
Analysis of relationship among burout akademic achivement and self regulation,"S Duru, E Duru, M Balkıs",2014,gcris.pau.edu.tr
İmgebilim “öteki” nin bilimine giriş,S Ulağlı,2018,avesis.marmara.edu.tr
[PDF] Kimyasal gübrelerin çevre kirliliği üzerine etkileri ve çözüm önerileri,"İ Sönmez, M Kaplan, S Sönmez","Batı Akdeniz Tarımsal Araştırma …, 2008",avys.omu.edu.tr
Behavior and design of link slabs for jointless bridge decks,A Caner,"PCI journal, 1998",avesis.metu.edu.tr
[ALINTI] Karışık Muhtevalı Akit,E Kuntalp,1971,dspace.ankara.edu.tr
[ALINTI] Osmanlı'da çözülme ve gelenekçi yorumcuları,M Öz,1997,avesis.hacettepe.edu.tr
[ALINTI] Ailede eşler arası uyuma etki eden faktörlerin araştırılması,A Şener,2002,avesis.hacettepe.edu.tr
Davranışsal finansın temelleri: karar vermenin bilişsel ve duygusal eğilimleri,"S Sefil, HK Çilingiroğlu",2011,acikerisim.ticaret.edu.tr
Farklı milletlerden turistlerin Türk mutfağına ilişkin görüşlerinin saptanması üzerine bir çalışma,A Albayrak,"Journal of Yasar University, 2013",milas.arel.edu.tr
[ALINTI] Zihin engelliler ve eğitimleri,B Sucuoğlu,2010,dspace.ankara.edu.tr
[PDF] KAMU YÖNETİMİ KURAMı VE KAMU İŞLETMECİLİÖİ OKULU,Y Üstüner,2000,ammeidaresi.hacibayram.edu.tr
Effect of salt stress on growth and ion distribution and accumulation in shoot and root of maize plant,"AHA Elkarim, N Taban, S Taban",2010,acikerisim.uludag.edu.tr
[ALINTI] Sulama sistemlerinin tasarımı,O Yıldırım,2008,dspace.ankara.edu.tr
Cumalıkızık köyünde kültürel miras ve turizm algısı,T Çetin,"Milli Folklor, 2010",avesis.gazi.edu.tr
Health promoting lifestyle behaviour in medical students: a multicentre study from Turkey,"M Nacar, Z Baykan, F Cetinkaya…","Asian Pacific journal …, 2014",avesis.ogu.edu.tr
[ALINTI] Dulkadir beyliği,R Yinanç,1989,openaccess.atu.edu.tr
New mediterranean biodiversity records (October 2015),"F Crocetta, D Agius, P Balistreri…","Mediterranean …, 2015",avesis.akdeniz.edu.tr
Prevalence of Nomophobia among university students: A comparative study of Pakistani and Turkish undergraduate students,"B ÖZDEMİR, Ö ÇAKIR, I Hussain","Eurasia Journal of …, 2018",avesis.ankara.edu.tr
The role of SMEs and entrepreneurship on economic growth in emerging economies within the post-crisis era: An analysis from Turkey,H Karadağ,"Journal of Small Business and …, 2016",openaccess.mef.edu.tr
"On e-open sets, dp*-sets and dp epsilon*-sets and decompositions of continuity",E Ekici,"Arabian Journal for Science and Engineering, 2008",avesis.comu.edu.tr
Y kuşağı turistlerin destinasyon imaj algıları üzerine bir araştırma,"A Albayrak, E Özkul","… For The Languages, Literature and History …, 2013",dspace.arel.edu.tr
Major congenital anomalies: a five-year retrospective regional study in Turkey,"AG Tomatır, H Demirhan, HÇ Sorkun…","Genetics and …, 2009",gcris.pau.edu.tr
[ALINTI] Öğretim ilke ve yöntemleri,Ş Tan,2019,avesis.gazi.edu.tr
[ALINTI] Üstün yetenekli çocuklar,E METİN,1999,avesis.hacettepe.edu.tr
"Fizik öğretmenliği programı öğrencilerinin profilleri, öğretmenlik mesleğine yönelik tutum ve endişeleri: Erzurum örneği",A Kaya,2005,acikerisim.gumushane.edu.tr
[PDF] İbâdiye'nin Doğuşu ve Görüşleri,ER Fiğlali,"AÜİF yay., Ankara, 1983",dspace.ankara.edu.tr
[PDF] Eski Türk kültüründe renk kavramı,S Küçük,"bilig, 2010",bilig.yesevi.edu.tr
[ALINTI] Dış ilişkiler ve Türk politikası,K Gürün,1983,dspace.ankara.edu.tr
[PDF] Tanzimat'tan Cumhuriyet'e musiki ve batılılaşma,B Aksoy,"Tanzimat'tan cumhuriyet'e Türkiye ansiklopedisi, 1985",avys.omu.edu.tr
[ALINTI] Yaşam boyu spor,E Zorba,2004,avesis.gazi.edu.tr
[PDF] Yetkinlikler ve Yetkinliklerin İşletmeler Açisindan Önemi,"G Biçer, Ş Düztepe","Journal of Aeronautics and Space …, 2003",jast.hho.msu.edu.tr
Avrupa Birliği'nin göç politikaları ve Türkiye'ye yansımaları,C Güleç,"Journal of TESAM Akademy, 2015",gcris.mef.edu.tr
"Effect of dietary esterified glucomannan on performance, serum biochemistry and haematology in broilers exposed to aflatoxin","H Basmacioglu, H Oguz, M Ergul, R Col, YO Birdane",2005,acikerisim.selcuk.edu.tr
[ALINTI] İdeal öğretmen üzerine bir araştırma,Ş Çetin,"Milli Eğitim Dergisi, 2000",avesis.gazi.edu.tr
[PDF] STRATEJİK YÖNETİM DÜŞÜNCESİNİN EVRİMİ: BİLİMSEL BİR DİSİPLİNİN OLUŞUM HİKAYESİ.,M Barca,"Journal of Management Research/Yonetim …, 2005",yad.baskent.edu.tr
Bir insan olarak okul müdürü,"A Açıkalın, M Şişman, S Turan",2024,avesis.uludag.edu.tr
[ALINTI] Anakent yönetimi yönetimlerarası ilişkiler,AE Eke,1982,dspace.ankara.edu.tr
[PDF] ULUSLARARASI MUHASEBE STANDARTLARININ DÜNYADA VE TÜRKİYE'DE OLUŞUM VE GELİŞİM SÜRECİ,H Kocamaz,"Kahramanmaraş Sütçü İmam Üniversitesi İktisadi ve …, 2012",jes.ksu.edu.tr
[KİTAP] Conversations with architects,"JW Cook, H Klotz",1973,homes.ieu.edu.tr
"[PDF] Uluslararası Gelişmeler Işığında Türkiye Yükseköğretim Sistemi: Temel Eğilimler, Sorunlar, Çelişkiler ve Öneriler",F Şenses,"Economic Research Center Working Papers in …, 2007",erc.metu.edu.tr
Türk aile yapısının değişim ve dönüşümü ve bu değişim ve dönüşüme etki eden unsurların değerlendirilmesi,F Yaşar Ekici,"The Journal of Academic Social Science …, 2014",openaccess.izu.edu.tr
[ALINTI] Bilim tarihine giriş,"S Tekeli, E Kâhya, M DOSAY GÖKDOĞAN, R Demir…",2018,avesis.gazi.edu.tr
[ALINTI] Beton ve beton teknolojisi,O Şimşek,2021,avesis.gazi.edu.tr
Çağdaş gereksinmeler bağlamında sürdürülebilir turizm ve kimlik modeli,"ŞG Beyhan, SM Ünügür","İTÜDERGİSİ/a, 2010",itudergi.itu.edu.tr
Energy consumption and economic growth in Turkey: cointegration and causality analysis,"M Kaplan, İ Öztürk, H Kalyoncu",2011,openaccess.cag.edu.tr
Bilimin doğası ve öğretimi,"N Doğan, J Çakıroğlu, K Bilican…",2012,open.metu.edu.tr
Bağlanma stilleri açısından ergenlerde Erikson'un psikososyal gelişim dönemleri ve ego kimlik süreçlerinin incelenmesi,E Arslan,2008,acikerisim.selcuk.edu.tr
[PDF] Liberalizmin temel ilkeleri,H Çetin,"Cumhuriyet Üniversitesi İktisadi ve İdari Bilimler Dergisi, 2001",avys.omu.edu.tr
Engelli çocuğa sahip olan ailelerin depresyon durumunun belirlenmesi,"F Dereli, S Okur",2008,acikerisim.mu.edu.tr
Leadership characteristics in the era of digital transformation,M Klein,2020,openaccess.tau.edu.tr
[ALINTI] Ruhsal hastalıklar,"N Yüksel, E İŞERİ, R DÖNMEZ, M TÜRKÇAPAR…",2020,avesis.gazi.edu.tr
Çalışma yaşamında kadınlar: Aile ve iş ilişkileri,"M Gönüllü, G İçli","CÜ Sosyal Bilimler Dergisi, 2001",gcris.pau.edu.tr
[PDF] AN INTEGRATED ANALYSIS OF TURKISH INFLATION.,K Metin,"Oxford Bulletin of Economics & Statistics, 1995",repository.bilkent.edu.tr
İnşaat sektörü neyin lokomotifi,O Balaban,2011,open.metu.edu.tr
[PDF] Dokuz Eylül Üniversitesi,U Yeri,"Atatürk İlkeleri ve, 1923",denizcilik.deu.edu.tr
Turkish version of the depression anxiety stress scale (DASS-42): Psychometric properties,"NG Bilgel, N Bayram",2010,acikerisim.uludag.edu.tr
Muğla'da yaşayan 6-15 yaş okul çocuklarında kilo fazlalığı ve obezite prevalansı,"H Süzek, Z Arı, BS Uyanık",2005,acikerisim.mu.edu.tr
[ALINTI] Sağlık çalışanlarının çalışma ortamındaki stres yaşantıları ile baş etme durumlarının belirlenmesi,"H TEL, M KARADAĞ, H TEL AYDIN…","Hemşirelik Araştırma ve …, 2003",avesis.gazi.edu.tr
Values education experiences of Turkish class teachers: A phenomonological approach,K Yıldırım,2009,openaccess.ahievran.edu.tr
"Sosyal bilgiler öğretiminde proje tabanlı öğrenmenin öğrencilerin akademik risk alma düzeylerine, problem çözme becerilerine, erişilerine, kalıcılığa ve tutumlarına …",S Çiftçi,2006,acikerisim.selcuk.edu.tr
[ALINTI] Turizm Ekonomisi ve Türkiye Ekonomisi'nde Turizm,MZ Dinçer,1993,acikerisim.istanbul.edu.tr
Rehber ğretmenlerin mesleki tükenmişlik düzeylerinin incelenmesi,S Akten,2007,dspace.trakya.edu.tr
[PDF] Üstün veya özel yetenekliler,H Akkanat,"Üstün yetenekli çocuklar: Seçilmiş …, 1999",cocukuniversitesi.aydin.edu.tr
[ALINTI] Gelişimde 3 6 Yaş Çocuğum Büyüyor,A Kandir,2004,avesis.gazi.edu.tr
An assessment of pre-service teachers' technology acceptance in Turkey: A structural equation modeling approach,"T Teo, ÖF Ursavaş, E Bahçekapılı",2012,acikerisim.erdogan.edu.tr
Sınıf yönetiminde öğrenci motivasyonu ve motivasyonu etkileyen etmenler,H Vatansever Bayraktar,"Turkish Studies, 2015",openaccess.izu.edu.tr
Eğitim fakültesi öğrencilerinin öznel iyi oluş ve psikolojik ihtiyaçlarının demografik değişkenlere göre incelenmesi,"R Gündoğdu, Y Yavuzer",2012,acikerisim.aksaray.edu.tr
Türkiyede katılım bankacılığı ve bankacılık sektöründeki önemi,P Pehlivan,2016,acikerisim.selcuk.edu.tr
"Intercultural scale adaptation stages, language and culture adaptation: updated guideline","C ÇAPIK, S Gözüm, S Aksayan","Florence Nightingale Journal …, 2018",avesis.akdeniz.edu.tr
[ALINTI] Türk resmi ve eleştirisi (1880-1950),İA Duben,1983,acikerisim.msgsu.edu.tr
Ana babaya bağlanma ölçeği: Türk üniversite öğrencilerinde psikometrik özelliklerinin değerlendirilmesi,"EG Kapçı, S Küçüker","Türk Psikiyatri Dergisi, 2006",gcris.pau.edu.tr
[PDF] A brief review: biomaterials and their application,"A Tathe, M Ghodke, AP Nikalje","Int. J. Pharm. Pharm. Sci, 2010",mme.deu.edu.tr
İş ve yaşam doyumu: Konya Emniyet Müdürlüğü alan araştırması,"R Yiğit, B Dilmaç, M Deniz",2011,acikerisim.selcuk.edu.tr
Ocular surface epithelial and stem cell development,"JM Wolosin, M Budak…","International Journal of …, 2004",avesis.hacettepe.edu.tr
[PDF] The hidden challenge of cross-border negotiations,JK Sebenius,"Harvard Business Review, 2002",ocan.yasar.edu.tr
Feminizm: Ataerkil iktidarın eleştirisi,S Çakır,2007,avesis.istanbul.edu.tr
[ALINTI] İslam Tarihi Emeviler-Abbasiler,B Üçok,1968,dspace.ankara.edu.tr
Neural computation of resonant frequency of electrically thin and thick rectangular microstrip antennas,"D Karaboga, K Guney, Ş Sagiroglu…","IEE Proceedings …, 1999",avesis.gazi.edu.tr
Fen ve teknoloji öğretmen adaylarının fen okuryazarlığının durumu,O Özdemir,2010,acikerisim.mu.edu.tr
Trends in educational research in Turkey: A content analysis,"Y Göktaş, F Hasancebı, B Varısoglu…","Kuram ve …, 2012",avesis.atauni.edu.tr
Duygusal bağlılık içsel motivasyon ilişkisi: Antalya'da beş yıldızlı otellerde bir inceleme,"V Ağca, H Ertan",2008,acikerisim.aku.edu.tr
[PDF] Kültür ekonomisi ve endüstrileri ile kültürel miras yönetimi ilişkisi,N Özdemir,"Milli folklor, 2009",avys.omu.edu.tr
[PDF] Is there a focus position in Turkish,"A Göksel, AS Özsoy","Studies on Turkish and Turkic …, 2000",linguistics.bogazici.edu.tr
Wireless sensor network and internet of things in precision agriculture,"F Kiani, A Seyyedabbasi","International Journal of Advanced …, 2018",openaccess.izu.edu.tr
"Ortaöğretim kurumlarında okuyan öğrencilerin saldırganlık, denetim odağı ve kişilik özelliklerinin karşılaştırmalı olarak incelenmesi",E Efilti,2006,acikerisim.selcuk.edu.tr
"Otel işletmelerinde işgörenlerin kişilk özellikleri, lider-üye etkileşimi ve tükenmişlik ilişkisinin incelenmesi",M Kaşlı,2009,dspace.balikesir.edu.tr
Seismic isolation of highway bridges,"I Buckle, M Constantinou, M Dicleli, H Ghasemi",2006,open.metu.edu.tr
[PDF] Mesleki karar envanterinin geliştirilmesi,MA Çakır,"Ankara Üniversitesi Eğitim Bilimleri Fakültesi …, 2004",dspace.ankara.edu.tr
[KİTAP] Lojistik ilkeleri ve yönetimi,O Küçük,2014,acikerisim.gumushane.edu.tr
İş sağlığı ve güvenliği uygulamaları ile ilgili işgörenlerin tutumlarını belirlemeye yönelik bir araştırma,"G Tozkoparan, J Taşoğlu","Uludağ Üniversitesi İktisadi ve …, 2011",acikerisim.uludag.edu.tr
[ALINTI] Divan şiirinde tasavvuf,K Üstüner,2007,avesis.gazi.edu.tr
Yabancılaşma ve beş faktör kişilik özellikleri arasındaki ilişkiler: Antalya Kemer'deki beş yıldızlı otel işletmeleri çalışanları üzerinde bir uygulama,ÖA Tekin,2012,acikerisim.akdeniz.edu.tr
[ALINTI] Divan şiirinde tasavvuf,K Üstüner,2007,avesis.gazi.edu.tr
Yabancılaşma ve beş faktör kişilik özellikleri arasındaki ilişkiler: Antalya Kemer'deki beş yıldızlı otel işletmeleri çalışanları üzerinde bir uygulama,ÖA Tekin,2012,acikerisim.akdeniz.edu.tr
Statistical approximation by positive linear operators,"O Duman, C Orhan","Studia Mathematica, 2004",avesis.ankara.edu.tr
[PDF] Tarih öğretiminde filmlerin yeri ve önemi,İH Demircioğlu,2007,bilig.yesevi.edu.tr
Determining the reflective thinking skills of pre-service teachers in learning and teaching process,A Gürol,"Energy Education Science and Technology Part B …, 2011",avesis.yildiz.edu.tr
Aktif işgücü piyasası politikaları,R Kapar,2005,acikerisim.mu.edu.tr
[ALINTI] Engellilik sosyolojisi,E Burcu,2015,avesis.hacettepe.edu.tr
Kanser hastalarında psikiyatrik bozukluklar ve ilişkili etmenler,"FÇ Ateşci, NK Oğuzhanoğlu, B Baltalarlı…","Türk Psikiyatri …, 2003",gcris.pau.edu.tr
"Türk kamu kuruluşlarında çalışan performansının, çalışan sessizliği ve örgütsel vatandaşlık davranışı bağlamında incelenmesi","Y Şehitoğlu, C Zehir","Amme İdaresi Dergisi, 2010",avesis.yildiz.edu.tr
Interpretation of water quality data by principal components analysis,"N Mazlum, A Özer, S Mazlum","Turkish Journal of Engineering …, 1999",avesis.deu.edu.tr
[ALINTI] Okulda başarı,F Uluğ,2012,avesis.gazi.edu.tr
Eğitim örgütlerinde örgütsel bağlılığın işten ayrılma niyetine etkisi,U Sarıdere,2004,dspace.kocaeli.edu.tr
[ALINTI] Çocukların denetim odağı ile algıladıkları anne tutumları arasındaki ilişkinin incelenmesi,F Alisinanoğlu,"Türk Eğitim Bilimleri, 2003",avesis.gazi.edu.tr
Development of a generic decision-support tool for identifying potentially invasive aquatic taxa: AS-ISK,"GH Copp, L Vilizzi, H Tidbury, PD Stebbing, AS Tarkan…",2016,acikerisim.mu.edu.tr
The effects of augmented reality on elementary school students' spatial ability and academic achievement,"E Gun, B Atasoy","Egitim ve Bilim-Education and Science, 2017",avesis.gazi.edu.tr
İlköğretim ikinci kademe Türkçe ders kitaplarının türler açısından incelenmesi,"D Yaylı, M Solak","Uluslararası Sosyal Araştırmalar Dergisi, 2009",gcris.pau.edu.tr
[ALINTI] Türkçe bilimsel bitki adları yönergesi,"Y Menemen, Z Aytaç, A Kandemir","Bağbahçe, 2016",avesis.gazi.edu.tr
Kaygı kavramı,F Manav,2011,acikerisim.nevsehir.edu.tr
[ALINTI] Kültürel müzikoloji,A Kaplan,2013,avesis.hacettepe.edu.tr
[ALINTI] Halkla ilişkiler ve medya,"A Okay, A Okay",2002,acikerisim.istanbul.edu.tr
Kamu personeli seçme sınavına hazırlanan öğretmen adaylarının sınav kaygı düzeylerinin incelenmesi,R Baştürk,"Fırat Üniversitesi Sosyal Bilimler Dergisi, 2007",gcris.pau.edu.tr
[PDF] Roland Barthes ve göstergebilim,U Bircan,"Sosyal Bilimler Araştırma Dergisi, 2015",avys.omu.edu.tr
On Cauchy problems with Caputo Hadamard fractional derivatives,"Y Adjabi, F Jarad, D Baleanu, T Abdeljawad",2016,earsiv.cankaya.edu.tr
The role of gender and language learning strategies in learning English,O Aslan,2009,open.metu.edu.tr
[PDF] A review of image compression and comparison of its algorithms,S Dhawan,"International Journal of electronics & …, 2011",ceng460.cankaya.edu.tr
Spiritüel bakım ve hemşirelik,"B Çetinkaya, S Altundağ, A Azak",2007,adudspace.adu.edu.tr
Okul öncesi eğitim öğretmenlerinin öz-yeterlilik düzeyleri ile problem çözme yaklaşımlarını kullanma düzeyleri arasındaki ilişkinin incelenmesi (Denizli ili örneği),E Kesgin,2006,gcris.pau.edu.tr
[ALINTI] Erzurum halk masalları üzerinde araştırmalar: metinler ve açıklamalar,B Seyidoğlu,1975,earsiv.atauni.edu.tr
[ALINTI] Dîvan Yolu ndan Pera ya Selâmetle,M ÖZGÜL,2006,avesis.gazi.edu.tr
[ALINTI] Öteki dilde var olmak Arapça çeviride eşdeğerlik,M Suçin,2013,avesis.gazi.edu.tr
Bağlanma stilleri ve zihinsel modellerin kuşaklararası aktarımında anababalık stillerinin rolü,D Güngör,2000,dspace.ankara.edu.tr
[PDF] Türklüğü Ölçmek,N Maksudyan,"İstanbul: Metis Yayınları, 2005",psi428.cankaya.edu.tr
[ALINTI] Türk vergi sistemi,"M Tosuner, Z ARIKAN, A YERELİ",2005,avesis.hacettepe.edu.tr
[PDF] Yugoslavya-Makedonya topraklarından Türkiye'ye göçler ve nedenleri,H Çavuşoğlu,"Bilig, 2007",bilig.yesevi.edu.tr
Sanal zorbalığı yordayan psikolojik ihtiyaçlar: Lisans öğrencileri için bir ön çalışma,B Dilmaç,2009,acikerisim.selcuk.edu.tr
[DOC] Kutadgu Bilig'de Türk ve İran siyaset nazariye ve gelenekleri,H Inalcik,"Reşit Rahmeti Arat İçin, 1966",yunus.hacettepe.edu.tr
[ALINTI] Görsel sanatlar eğitiminde uygulamalar,M YILMAZ,2010,avesis.gazi.edu.tr
Çocuklar için sosyal beceri eğitim progrmanın 6 yaş çocukların sosyal problem çözme becerilerine etkisi,E Dereli,2008,acikerisim.selcuk.edu.tr
"[ALINTI] İş bölümü, yabancılaşma ve sosyal politika",E Pars,1982,dspace.ankara.edu.tr
[ALINTI] Okul öncesi dönemde matematik eğitimi,"A Kandır, M ORÇAN KAÇAN",2010,avesis.gazi.edu.tr
Durum çalışması,T Paker,"Nitel araştırma: yöntem, teknik, analiz ve yaklaşımları, 2015",gcris.pau.edu.tr
Denizli kent yoksullarının yaşam kalitesi üzerine bir inceleme,"ST Evinç, PS Yavuzçehre","Çağdaş Yerel Yönetimler, 2008",gcris.pau.edu.tr
[PDF] A comparative analysis of inward and outward FDI in Turkey,A Erdilek,"Transnational corporations, 2003",homes.ieu.edu.tr
The factors affecting teacher-motivation,N Börü,2018,acikerisim.nevsehir.edu.tr
[ALINTI] Yaşlılığın algılanması ve yaşlı ayrımcılığı,"N Akdemir, F Çınar, Ü POLAT","Türk Geriatri Dergisi, 2007",avesis.gazi.edu.tr
Pathological findings of experimental Aeromonas hydrophila infection in Nile tilapia (Oreochromis niloticus),"B Yardımcı, Y Aydın","Ankara Üniversitesi Veteriner …, 2011",vetjournal.ankara.edu.tr
[ALINTI] Divan şiirinin penceresinden Osmanlı toplum hayatı,"Ö Özkan, A ABDULKADİROĞLU",2007,avesis.gazi.edu.tr
[PDF] BAŞARININ TEMEL AKTÖRLERİ: VİZYONER LİDERLER VISIONARY LEADERS: THE MAJOR ACTORS of SUCCESS,"AGY TEKİN, R Ehtiyar","Journal of Yasar University, 2011",journal.yasar.edu.tr
2005 ve 2013 yılı fen dersi öğretim programlarının karşılaştırılması,"R Karatay, S Timur, B Timur",2013,dspace.adiyaman.edu.tr
[PDF] Aile içi ilişkiler açısından internet kullanımı,F Bayraktutan,"… yüksek lisans tezi, İstanbul Üniversitesi, İstanbul, 2005",nek.istanbul.edu.tr
[ALINTI] Türkiye sağlık okuryazarlığı ölçekleri güvenilirlik ve geçerlilik çalışması,"F ABACIGİL, E BEŞER, E BARAN DENİZ, M Erata…",2016,avesis.gazi.edu.tr
[PDF] Contribution of reinforced concrete infills to seismic behavior of structural systems,"E Canbay, U Ersoy, G Ozcebe","ACI Structural Journal, 2003",seru.metu.edu.tr
[ALINTI] Çevre bilimi ve eğitimi,"K Yıldız, Ş Sipahioğlu, M Yılmaz",2005,avesis.gazi.edu.tr
Konya ilinde ki ortaöğretim okullarında çalışan öğretmenlerin tükenmişlik ve iş doyumu düzeylerinin bölgelere göre değerlendirilmesinin çok değişkenli istatistiksel …,B Dilsiz,2006,acikerisim.selcuk.edu.tr
Toplumsal aidiyet ve gençlik: Üniversite gençliğinin aidiyeti üzerine sosyolojik bir araştırma,D Alptekin,2011,acikerisim.selcuk.edu.tr
The role of zinc in the endocrine system,"AK Baltaci, R Mogulkoc, SB Baltaci",2019,acikerisim.selcuk.edu.tr
[PDF] Blue liquid lasers from solution of CdZnS/ZnS ternary alloy quantum dots with quasi‐continuous pumping,"Y Wang, KS Leck, VD Ta, R Chen, V Nalla…","Advanced …, 2015",repository.bilkent.edu.tr
"The effects of drama based instruction on seventh grade students' geometry achievement, van Hiele geometric thinking levels, attitude toward mathematics and …",A Duatepe,2004,open.metu.edu.tr
Müşteri odaklı pazarlama anlayışına göre değer yaratma: bir model olarak değer iletim sistemi,E Uzunoğlu,"Eskişehir Osmangazi Üniversitesi İktisadi ve İdari …, 2007",gcris.ieu.edu.tr
[PDF] Kadinlarda meme kanseri risk düzeyi,"FE Aslan, A Gürkan","Meme Sağliği Dergisi, 2007",avesis.marmara.edu.tr
"[PDF] İşbirlikli FeTeMM (Fen, Teknoloji, Mühendislik, Matematik) eğitimi uygulaması: Kimya ve matematik öğretmen adaylarının FeTeMM farkındalıklarının …","F Aslan-Tutak, S Akaygün…","… Eğitim Fakültesi Dergisi, 2017",efdergi.hacettepe.edu.tr
[ALINTI] Psikolojik belirtilerin yordayıcısı olarak sosyal destek ve iyilik hali,T Doğan,"Türk Psikolojik Danışma ve Rehberlik Dergisi, 2008",avesis.hacettepe.edu.tr
İşletmelerde personel güçlendirme uygulamalarının örgütsel yaratıcılık ve yenilikçiliğe etkileri üzerine imalat sanayiinde bir uygulama,MF Çavuş,2006,acikerisim.selcuk.edu.tr
Elektronik haberleşme alanında kişisel verilerin özel hukuk hükümlerine göre korunması,H Özdemir,2009,dspace.ankara.edu.tr
[KİTAP] Writing and reading across the curriculum,"L Behrens, LJ Rosen, L Behrens",1997,ocw.metu.edu.tr
Existence of solutions and a numerical scheme for a generalized hybrid class of n-coupled modified ABC-fractional differential equations with an application,"H Khan, J Alzabut, D Baleanu, G Alobaidi, MU Rehman",2023,earsiv.cankaya.edu.tr
Search for neutral MSSM Higgs bosons decaying to a pair of tau leptons in pp collisions,"C Cms, K ÖZDEMİR","Journal of High Energy Physics, 2014",unis.bakircay.edu.tr
[ALINTI] “Hegemonik Erkekliğin Görünmeyen Yüzü: Sosyalizasyon Sürecinde Erkeklik Oluşumları ve Krizleri Üzerine Düşünceler,B KOYUNCU LORASDAĞI…,"Toplum ve Bilim, 2004",avesis.hacettepe.edu.tr
"Çocukluk çağı obezitesi tanı yöntemleri, prevalansı ve etyolojisi","FS Gürel, G İnan",2001,adudspace.adu.edu.tr
Türkiye de kaplıca turizmi ve sorunları,G Akbulut,"Gaziantep Üniversitesi Sosyal Bilimler Dergisi, 2010",avesis.cumhuriyet.edu.tr
[ALINTI] Boşi Zaman Yönetimi Ölçeği Geçerlik ve güvenirlik çalışması,"B AKGÜL, S Karaküçük","International Journal of Human …, 2015",avesis.gazi.edu.tr
[PDF] Biyoistatistik,"T Kesici, Z Kocabaş","Ankara Üniversitesi Eczacılık Fakültesi …, 2007",dspace.ankara.edu.tr
[ALINTI] Bağlanma stillerinin öznel iyi olmayı ve stresle başa çıkma tutumlarını yordama gücü,"Ş IŞIK, Z CİHANGİR ÇANKAYA","Türk Psikolojik Danışma ve …, 2009",avesis.gazi.edu.tr
[ALINTI] Din sosyolojisi,M Taplamacıoğlu,1963,dspace.ankara.edu.tr
Cationic dye (methylene blue) removal from aqueous solution by montmorillonite,"BA Fil, C Özmetin, M Korkmaz",2012,dspace.balikesir.edu.tr
[ALINTI] Okul dışı tarih öğretimi,"M Safran, B Ata","Gazi Eğitim Fakültesi Dergisi, 1998",avesis.gazi.edu.tr
A proposed framework based on literature review of online contextual mental health services to enhance wellbeing and address psychopathology during COVID-19,"A Tanhan, KF Yavuz, JS Young, A Nalbant, G Arslan…",2020,acikerisim.sakarya.edu.tr
Banka şube performaslarının vikor yöntemi ile değerlendirilmesi,"İ Ertuğrul, N Karakaşoğlu","Endüstri Mühendisliği, 2009",gcris.pau.edu.tr
Isolation of soil Streptomyces as source antibiotics active against antibiotic-resistant bacteria,"Ö Ceylan, G Ökmen, A Uğur",2008,acikerisim.mu.edu.tr
[ALINTI] Kur'anda Allah ve insan,T Izutsu,1975,dspace.ankara.edu.tr
Yalnızlığı yordamada sosyal destek ve sosyal bağlılığın rolü,E Duru,"Türk Psikoloji Dergisi, 2008",gcris.pau.edu.tr
İş yerinde yıldırma: Özel ve resmi ilköğretim okulu öğretmen ve yöneticileri üzerinde yapılan bir araştırma,AT Gökçe,2006,dspace.ankara.edu.tr
"Effects of source and rate of nitrogen fertilizer on yield, yield components and quality of winter rapeseed (Brassica napus L.)",Ö Öztürk,2010,acikerisim.selcuk.edu.tr
"Ankara ili lise birinci sınıf öğrencilerinin okula bağlılık durumlarına ilişkin öğrenci, öğretmen ve yöneticilerin görüşleri",G Arastamam,2006,dspace.ankara.edu.tr
Sosyal değişme katalizörü olarak turizm ve etkileri,Ş Berber,2003,acikerisim.selcuk.edu.tr
[ALINTI] Gümüşhane masalları: metin toplama ve tahlil,S Sakaoğlu,1973,earsiv.atauni.edu.tr
Yapılandırmacılık yaklaşımına dayalı işbirlikli öğrenmenin ilköğretim 5. sınıf sosyal bilgiler dersinde öğrenci erişi ve tutumlarına etkisi,C Çelebi,2006,acikerisim.selcuk.edu.tr
The nutritional and medical benefits of Agaricus bisporus: A review,"F Atila, MN Owaid, MA Shariati",2017,openaccess.ahievran.edu.tr
Ebeveynlerin televizyon reklam içeriklerinin çocuklar üzerindeki etkilerini etik açıdan algılamalarına yönelik bir araştırma,"Y Karaca, A Pekyaman, H Güney",2007,acikerisim.aku.edu.tr
Fifth grade students' environmental literacy and the factors affecting students' environmentally responsible behaviors,M Erdoğan,2009,open.metu.edu.tr
"Kadınların çalışmasına yönelik tutum: Cinsiyet, cinsiyet rolü ve sosyoekonomik düzeye göre bir karşılaştırma",A Çıtak,2008,dspace.ankara.edu.tr
Aromatherapy The effect of lavender on anxiety and sleep quality in patients treated with chemotherapy,"A ÖZKARAMAN, O Dugum, H Yilmaz…","Clinical journal of …, 2018",avesis.ogu.edu.tr
[KİTAP] Duygusal zeka ve iletişim,Ö Avcı,2019,acikerisim.bartin.edu.tr
[ALINTI] Rehberlik ve psikolojik danışmada kullanılan ölçme araçları ve programlar dizisi,"Y KUZGUN, F BACANLI",2006,avesis.gazi.edu.tr
Sınıf öğretmenlerinin ve sınıf öğretmeni adaylarının okuma ilgi ve alışkanlıklarının karşılaştırılması,E Aslantürk,2008,adudspace.adu.edu.tr
"[PDF] Cascading of Molecular Logic Gates for Advanced Functions: A Self‐Reporting, Activatable Photosensitizer","S Erbas‐Cakmak, EU Akkaya","Angewandte Chemie, 2013",yoksis.bilkent.edu.tr
Sınıf öğretmenlerinin motivasyonunun iş tatmini üzerine etkisi,"C Bahtiyar Karadeniz, C Yavuz",2009,earsiv.odu.edu.tr
[PDF] Different estrous induction methods during the non-breeding season in Kivircik ewes,"İ Doğan, Z Nur","Veterinarni medicina, 2006",acikerisim.uludag.edu.tr
Can eco-schools improve elementary school students' environmental literacy levels?,"S Özsoy, H Ertepınar, N Sağlam",2012,acikerisim.aksaray.edu.tr
Farklı risk gruplarındaki ergenlerin psikolojik sağlamlıklarının incelenmesi,Ö Sipahioğlu,2008,acikerisim.selcuk.edu.tr
[PDF] Differences in household savings behavior: Evidence from industrial and developing countries,"G Muradoglu, F Taskin","The Developing Economies, 1996",repository.bilkent.edu.tr
[ALINTI] 8 sınıf öğrencilerinin problem çözme becerilerinin belirlenmesi Bir özel durum çalışması,"İ Karataş, B Güven",2004,acikarsiv.beun.edu.tr
[PDF] Örgütsel sessizlik ve örgütsel güven ilişkisi: Konuya ilişkin bir araştırma,L Afşar,"… Yüksek Lisans Tezi). İstanbul Üniversitesi Sosyal …, 2013",nek.istanbul.edu.tr
[ALINTI] Çocuk ergen ve erişkinlerde anksiyete bozuklukları,Y TANER,2006,avesis.gazi.edu.tr
Multiple views of participatory design,H Sanoff,2006,open.metu.edu.tr
Anne-babaların korona-virüs (COVID-19) salgını sürecinde aile yaşantılarına ilişkin görüşleri,"M Başaran, A Aksoy","The Journal of International Social …, 2020",avesis.gazi.edu.tr
Gecekondularda kimlik sorunu dayanışma örüntüleri ve hemşehrilik,A Ayata,1991,open.metu.edu.tr
Müze eğitiminin tarihsel gelişimi,"K Tezcan Akmehmet, A Ödekan","İTÜDERGİSİ/b, 2011",itudergi.itu.edu.tr
Sosyal bilimlerde araştırma yöntemi,B Baloğlu,2009,avesis.istanbul.edu.tr
Gastronomi turizmi: Ayvalık'ta yerli turistler üzerinde görgül bir araştırma,"A Gökdeniz, B Erdem, Y Dinç, SU Çelik",2015,acikerisim.balikesir.edu.tr
Academic resilience: An investigation of protective factors contributing to the academic achievement of eight grade students in poverty,CA Gizir,2004,open.metu.edu.tr
[PDF] SPOR VE TOPLUMSAL CİNSİYET: GENEL BİR BAKIŞ,"C Koca, N Bulgu",2005,yunus.hacettepe.edu.tr
Kimya öğretmeni adaylarının öz yeterlik algıları ve öğretmenlik mesleğine yönelik tutumları,A Derman,2007,acikerisim.selcuk.edu.tr
[ALINTI] Biyoloji eğitimi öğretmen adaylarının öğretiminde öz yeterlik inançları,"C Gerçek, M YILMAZ…","ANKARA …, 2006",avesis.hacettepe.edu.tr
"The effects of inquiry-based learning on elementary students' conceptual understanding of matter, scientific process skills and science attitudes","P Simsek, F Kabapinar",2010,avesis.marmara.edu.tr
Effectiveness of 5E learning cycle model on students' understanding of acid-base concepts,E Akar,2005,open.metu.edu.tr
"Anatomy of the North Anatolian Fault Zone in the Marmara Sea, Western Turkey: extensional basins above a continental transform","A Aksu, T Calon, R Hiscott, D YAŞAR","Gsa Today, 2000",avesis.deu.edu.tr
[PDF] Almanya'daki Türk göçmenlerin sosyal entegrasyonunun kuşaklar arası karşılaştırması: Kültürleşme,B Şahin,"Bilig Türk Dünyası Sosyal Bilimler Dergisi, 2010",bilig.yesevi.edu.tr
Akademik performans değerlendirmesi için bir bulanık model,"D Kaptanoğlu, AF Özok","İTÜDERGİSİ/d, 2010",itudergi.itu.edu.tr
[PDF] In-between modernities and postmodernities: theorizing Turkish consumptionscape,"Ö Sandıkcı, G Ger","Advances in consumer research, 2002",repository.bilkent.edu.tr
Türkiye'de profesyonel turist rehberliği ve müşterilerin turist rehberlerinden beklentilerinin analizi (Kuşadası örneği),N Tetik,2006,dspace.balikesir.edu.tr
"Irak, İran ve ABD: Önleyici savaş, petrol ve hegemonya",C Arı,2004,avesis.uludag.edu.tr
[ALINTI] Yüksek öğretimde iş tatmini ve tatminsizliği,"T Baş, K Ardıç",2002,acikerisim.sakarya.edu.tr
[ALINTI] İslam açısından mûsıkî ve semâ,S Uludağ,1999,repository.bilkent.edu.tr
"Turizm, kültür ve kimlik ilişkisi; turizmde toplumsal ve kültürel kimliğin sürdürülebilirliği",E Duran,2011,acikerisim.ticaret.edu.tr
Düşünme stilleri ölçeğinin geçerlik ve güvenirliği,AM Sünbül,2004,acikerisim.selcuk.edu.tr
Simulation analysis of shuttle based storage and retrieval systems,"T Lerher, B Yetkin Ekren, Z Sari, B Rosi","Internatıonal Journal of …, 2015",gcris.ieu.edu.tr
[ALINTI] Öğretim tasarımı,"B Akkoyunlu, A Altun, M YILMAZ SOYLU",2008,avesis.hacettepe.edu.tr
[ALINTI] Çocuğun gelişiminde oyunun önemi,"M Mangır, Y Aktaş",1993,openaccess.iku.edu.tr
"Politics of ethnicity, identity and religion: Turkish-Muslims in Britain",T Küçükcan,1999,avesis.marmara.edu.tr
"[PDF] Müşteri için değer yaratma, müşteri sadakati oluşum süreci ve şirket performansına etkileri üzerine araştırma",Ç Erk,2009,dspace.trakya.edu.tr
İlköğretim öğrencilerinin sosyal becerilerini geliştirmede dramanın etkisi,AK Yaya,2000,dspace.ankara.edu.tr
[PDF] Hydrotherapy for Rett syndrome,"G Bumin, M Uyanik, K Yilmaz…","Journal of …, 2003",avesis.hacettepe.edu.tr
[KİTAP] Mikroiktisat teorisi,O Türkay,1986,dspace.ankara.edu.tr
Lise öğrencilerinde problemli akıllı telefon kullanımının sosyal kaygı ve sosyal ağların kullanımına aracılık etkisi,"U Doğan, Nİ Tosun",2016,acikerisim.mu.edu.tr
Kur'ân'da İnsan Psikolojisi (Olumsuz Ruh Halleri ve davranışları Yönüyle),H Aydın,2018,avesis.yyu.edu.tr
[ALINTI] Anksiyete bozuklukları,N YÜKSEL,2020,avesis.gazi.edu.tr
[ALINTI] XV XVI Yüzyıllarda Canik Sancağı,M Öz,1999,avesis.hacettepe.edu.tr
The influence of micro-and nano-filler content on the mechanical properties of epoxy composites,"I Ozsoy, A Demirkol, A Mimaroglu…","… Vestnik/Journal of …, 2015",avesis.anadolu.edu.tr
"[PDF] İlköğretim ikinci kademe öğrencilerinde sınav kaygısı, matematik kaygısı, genel başarı ve matematik başarısı arasındaki ilişkilerin incelenmesi",S Bozkurt,"İstanbul Üniversitesi, İstanbul, 2012",nek.istanbul.edu.tr
Evaluation of humoral immunity of broilers during chronic aflatoxin (50 and 100 ppb) and clinoptilolite exposure,"H Oguz, HH Hadimli, V Kurtoglu, O Erganis",2003,acikerisim.selcuk.edu.tr
[ALINTI] Sosyal bilgilerde değerlerin öğretimi,"S Yel, S Aladağ",2009,avesis.gazi.edu.tr
Teknolojik pedagojik alan bilgisi (TPAB) üzerine alanyazın incelemesi: Türkiye örneği,"E Baran, S Canbazoğlu Bilici",2015,acikerisim.aksaray.edu.tr
[ALINTI] Tezakir,C Paşa,1963,openaccess.atu.edu.tr
[ALINTI] Yapılandırıcı öğrenme teorisine dayanan etkili bir öğretim yöntemi tahmin et gözle açıkla buz ile su kaynatılabilir mi,"F Köseoğlu, H Tümay, N Kavak",2002,avesis.gazi.edu.tr
Impact of new standard IFRS 16 Leases on statement of financial position and key ratios a case study on an airline company in Turkey,"M Öztürk, M Serçemeli","İşletme ve Ekonomi Araştırmaları …, 2016",avesis.atauni.edu.tr
[KİTAP] Bir sosyal siyaset müessesi olarak Vakıf,İE Kozak,1994,acikerisim.sakarya.edu.tr
Bulanık çok kriterli karar verme yöntemleri ve uygulama,N Karakaşoğlu,2008,gcris.pau.edu.tr
"Detecting DNA polymorphism and genetic diversity in a wide pistachio germplasm: Comparison of AFLP, ISSR, and RAPD markers","S Kafkas, H Ozkan, B Ak, I Acar, H Atli…","Journal of the American …, 2006",avesis.cu.edu.tr
[ALINTI] Divan şiiri şekil bilgisi,"C Kurnaz, H Çeltik",2012,avesis.gazi.edu.tr
Web içeriklerinin metin temelli çözümlemesi,T Çomu,"Yeni medya çalışmalarında araştırma yöntem ve …, 2014",open.metu.edu.tr
[PDF] Yeni Bir Rekabet Gücü Kaynaği Olarak Entellektüel Sermaye Ve Organizasyonel Performansa Yansimalari,H Kanıbir,"Journal of aeronautics and space technologies, 2004",jast.hho.msu.edu.tr
[PDF] From virtual to physical: integration of chemical logic gates,"R Guliyev, S Ozturk, Z Kostereli…","Angewandte Chemie …, 2011",repository.bilkent.edu.tr
[PDF] Türk vakıfları ve vakfiyeleri üzerine mücmel bir etüd,HB Kunter,1938,acikerisim.fsm.edu.tr
Mean platelet volume as an inflammatory marker in acute exacerbation of chronic obstructive pulmonary disease,"S Ulasli, B Ozyurek, E Yilmaz…","… -Polish Archives of …, 2012",avesis.hacettepe.edu.tr
[KİTAP] Coğrafya öğretimi,M Ünlü,2014,avesis.marmara.edu.tr
Banka performans değerlendirmede analitik hiyerarşi süreç yaklaşımı,"YE Albayrak, H Erkut","İTÜDERGİSİ/d, 2010",itudergi.itu.edu.tr
Akılcı duygusal davranışçı terapi odaklı grupla psikolojik danışmanın psikolojik iyi olma ve öz-duyarlık üzerindeki etkisi,A Akın,2009,acikerisim.sakarya.edu.tr
[ALINTI] Aşık Garip hikayesi üzerinde mukayeseli bir araştırma.,F Türkmen,1974,earsiv.atauni.edu.tr
"The relationship of cyber bullying to empathy, gender, traditional bullying, internet use and adult monitoring",Ç Topcu,2008,open.metu.edu.tr
Müslümanların Hristiyanlara Karşı Yazmış Olduğu Reddiyeler ve Tartışma Konuları,M Aydın,1979,ismailkara.izu.edu.tr
[PDF] Türk vakıfları ve vakfiyeleri üzerine mücmel bir etüd,HB Kunter,1938,acikerisim.fsm.edu.tr
Mean platelet volume as an inflammatory marker in acute exacerbation of chronic obstructive pulmonary disease,"S Ulasli, B Ozyurek, E Yilmaz…","… -Polish Archives of …, 2012",avesis.hacettepe.edu.tr
[KİTAP] Coğrafya öğretimi,M Ünlü,2014,avesis.marmara.edu.tr
Banka performans değerlendirmede analitik hiyerarşi süreç yaklaşımı,"YE Albayrak, H Erkut","İTÜDERGİSİ/d, 2010",itudergi.itu.edu.tr
Akılcı duygusal davranışçı terapi odaklı grupla psikolojik danışmanın psikolojik iyi olma ve öz-duyarlık üzerindeki etkisi,A Akın,2009,acikerisim.sakarya.edu.tr
[PDF] ÜNİVERSİTELERDE SOSYAL SORUMLULUK BİLİNCİNİN GELİŞTİRİLMESİ: EGE ÜNİVERSİTESİ TOPLUMA HİZMET UYGULAMALARI DERSİ ÜZERİNE BİR …,"M Saran, G Coşkun, F İNALZOREL…","Journal of Yaşar …, 2011",journal.yasar.edu.tr
"The relationship of cyber bullying to empathy, gender, traditional bullying, internet use and adult monitoring",Ç Topcu,2008,open.metu.edu.tr
Sağlık okur-yazarlığı,"P Yalçın Balçık, S Taşkaya, B Şahin",2014,acikerisim.aksaray.edu.tr
[ALINTI] Sağlık hizmetlerinde sürekli kalite iyileştirme,S KAYA,2005,avesis.hacettepe.edu.tr
Örgütlerde sürekli eğitimin önemi ve öğrenen örgüt oluşturma sürecine etkisi,"M Atak, İ Atik","Journal of Aeronautics and Space Technologies, 2007",jast.hho.msu.edu.tr
"Farklı öz-anlayış düzeylerine sahip üniversite öğrencilerinin karar vermede özsaygı, karar verme stilleri ve kişilik özelliklerinin değerlendirilmesi",K Tatlılıoğlu,2010,acikerisim.selcuk.edu.tr
[ALINTI] Ders kitabı ve eğitimdeki önemi,"N Tertemiz, L Ercan, Y Kayabaşı",2001,avesis.gazi.edu.tr
[ALINTI] Habitüel horlaması olan olgularda obstrüktif sleep apne sendromu prevalansı,"O Köktürk, Y KEMALOĞLU, N KÖKTÜRK","Tüberk Toraks, 1997",avesis.gazi.edu.tr
Örgütsel adaletin bilgi paylaşımı üzerine etkisi: İlaç sektörü çalışanlarına yönelik bir araştırma,"Y Demirel, Z Seçkin",2011,acikerisim.aksaray.edu.tr
[ALINTI] Türk Edebiyatında Hz Ali Cenknameleri,İ Çetin,1997,avesis.gazi.edu.tr
[ALINTI] Ögretmenlerin sahip olmaları gereken davranıs olarak sosyal beceri,G Yüksel,"Milli Eğitim Dergisi, 2001",avesis.gazi.edu.tr
Türkiye'de muhasebe hileleri tarihi,A Bayraktar,2007,dspace.trakya.edu.tr
[PDF] Türkler'de Resim ve Minyatür Sanatı,İ Binark,1978,acikerisim.fsm.edu.tr
