University,Author Name,Author URL
ABDULLAH GÜL ÜNİVERSİTESİ,İhsan Sabuncuoğlu,https://scholar.google.com/citations?view_op=medium_photo&user=Xg-PmeMAAAAJ
ABDULLAH GÜL ÜNİVERSİTESİ,orhan demirci,https://scholar.google.com/citations?view_op=medium_photo&user=cXoMhXwAAAAJ
ABDULLAH GÜL ÜNİVERSİTESİ,Ismail Alper Isoglu,https://scholar.google.com/citations?view_op=medium_photo&user=BzvemX0AAAAJ
ABDULLAH GÜL ÜNİVERSİTESİ,İrfan Alan,https://scholar.google.com/citations?view_op=medium_photo&user=SN1YydgAAAAJ
ABDULLAH GÜL ÜNİVERSİTESİ,Mehmet Ozdemir,https://scholar.google.com/citations?view_op=medium_photo&user=G4R48UYAAAAJ
ABDULLAH GÜL ÜNİVERSİTESİ,Müşerref Duygu Saçar Demirci,https://scholar.google.com/citations?view_op=medium_photo&user=dlapiW8AAAAJ
ABDULLAH GÜL ÜNİVERSİTESİ,Dr. Mehmet Nurettin Alabay,https://scholar.google.com/citations?view_op=medium_photo&user=JMyUKPoAAAAJ
ABDULLAH GÜL ÜNİVERSİTESİ,Özgür Balkılıç,https://scholar.google.com/citations?view_op=medium_photo&user=eWNLHSUAAAAJ
ABDULLAH GÜL ÜNİVERSİTESİ,Ali Ersin Dinçer,https://scholar.google.com/citations?view_op=medium_photo&user=1oZXtxEAAAAJ
ABDULLAH GÜL ÜNİVERSİTESİ,Serhat Özer,https://scholar.google.com/citations?view_op=medium_photo&user=DRtykdcAAAAJ
ABDULLAH GÜL ÜNİVERSİTESİ,Assoc. Prof. Dilek ŞENOL ARSLAN,https://scholar.google.com/citations?view_op=medium_photo&user=n5ex0PsAAAAJ
ABDULLAH GÜL ÜNİVERSİTESİ,Hatice Taş,https://scholar.google.com/citations?view_op=medium_photo&user=wMn6uG8AAAAJ
ABDULLAH GÜL ÜNİVERSİTESİ,Oznur Oncul-Demir,https://scholar.google.com/citations?view_op=medium_photo&user=aD1ci_oAAAAJ
ABDULLAH GÜL ÜNİVERSİTESİ,Kübra ŞIK,https://scholar.google.com/citations?view_op=medium_photo&user=s23X7XgAAAAJ
ABDULLAH GÜL ÜNİVERSİTESİ,Sedat Gülçimen,https://scholar.google.com/citations?view_op=medium_photo&user=Dj-l3WYAAAAJ
ABDULLAH GÜL ÜNİVERSİTESİ,sema karabel öcal,https://scholar.google.com/citations?view_op=medium_photo&user=eeb4ErsAAAAJ
ABDULLAH GÜL ÜNİVERSİTESİ,Dr. Bülent Çizmeci,https://scholar.google.com/citations?view_op=medium_photo&user=2-iA9F4AAAAJ
ABDULLAH GÜL ÜNİVERSİTESİ,ismet söylemez,https://scholar.google.com/citations?view_op=medium_photo&user=qBmEawMAAAAJ
ABDULLAH GÜL ÜNİVERSİTESİ,Mithat Gökhan Atahan,https://scholar.google.com/citations?view_op=medium_photo&user=mO8JUwEAAAAJ
ABDULLAH GÜL ÜNİVERSİTESİ,Ahmet Kayasandık,https://scholar.google.com/citations?view_op=medium_photo&user=xF352nsAAAAJ
ABDULLAH GÜL ÜNİVERSİTESİ,Doç. Dr. Murat Karataş,https://scholar.google.com/citations?view_op=medium_photo&user=X-6AiywAAAAJ
ABDULLAH GÜL ÜNİVERSİTESİ,Derya DINCYUREK EKICI,https://scholar.google.com/citations?view_op=medium_photo&user=6rm6muIAAAAJ
ABDULLAH GÜL ÜNİVERSİTESİ,Seray Zora-Tarhan,https://scholar.google.com/citations?view_op=medium_photo&user=iocb62QAAAAJ
ABDULLAH GÜL ÜNİVERSİTESİ,Nurettin Ayvali,https://scholar.google.com/citations?view_op=medium_photo&user=HbUwlNEAAAAJ
ABDULLAH GÜL ÜNİVERSİTESİ,Vasfiye Mencik,https://scholar.google.com/citations?view_op=medium_photo&user=yPZeFzMAAAAJ
ABDULLAH GÜL ÜNİVERSİTESİ,FATMA ÇELEBİ,https://scholar.google.com/citations?view_op=medium_photo&user=DtOsJFsAAAAJ
ABDULLAH GÜL ÜNİVERSİTESİ,Hakan TOR,https://scholar.google.com/citations?view_op=medium_photo&user=oaWzplQAAAAJ
ABDULLAH GÜL ÜNİVERSİTESİ,Abdullah Dogan,https://scholar.google.com/citations?view_op=medium_photo&user=dBCaY0cAAAAJ
ABDULLAH GÜL ÜNİVERSİTESİ,Dr. Öğr. Üyesi Abdullah GÜL,https://scholar.google.com/citations?view_op=medium_photo&user=Uec_AFIAAAAJ
ABDULLAH GÜL ÜNİVERSİTESİ,Ayse Gul,https://scholar.google.com/citations?view_op=medium_photo&user=0Ig1g48AAAAJ
ABDULLAH GÜL ÜNİVERSİTESİ,Ahmet Baş,https://scholar.google.com/citations?view_op=medium_photo&user=c4PpP-0AAAAJ
ABDULLAH GÜL ÜNİVERSİTESİ,Abdullah çolak,https://scholar.google.com/citations?view_op=medium_photo&user=f2idXBcAAAAJ
ABDULLAH GÜL ÜNİVERSİTESİ,Refika Sultan DOĞAN,https://scholar.google.com/citations?view_op=medium_photo&user=ixu2dq4AAAAJ
ABDULLAH GÜL ÜNİVERSİTESİ,Mirac Alper BÜYÜKTÜRK,https://scholar.google.com/citations?view_op=medium_photo&user=S_QeApgAAAAJ
ABDULLAH GÜL ÜNİVERSİTESİ,dogan dogan,https://scholar.google.com/citations?view_op=medium_photo&user=fxMcwE4AAAAJ
ABDULLAH GÜL ÜNİVERSİTESİ,Murat İnan,https://scholar.google.com/citations?view_op=medium_photo&user=3khypd0AAAAJ
ABDULLAH GÜL ÜNİVERSİTESİ,Edanur Kılıç,https://scholar.google.com/citations?view_op=medium_photo&user=E9fmfm4AAAAJ
ABDULLAH GÜL ÜNİVERSİTESİ,Ahmet Furkan Haçan,https://scholar.google.com/citations?view_op=medium_photo&user=lQ7sEPsAAAAJ
ABDULLAH GÜL ÜNİVERSİTESİ,Gökmen KARA,https://scholar.google.com/citations?view_op=medium_photo&user=LzP8tDEyQW4C
ABDULLAH GÜL ÜNİVERSİTESİ,Hediye Yorulmaz,https://scholar.google.com/citations?view_op=medium_photo&user=xoogEoQAAAAJ
ABDULLAH GÜL ÜNİVERSİTESİ,Vacide Betül Kurtuluş,https://scholar.google.com/citations?view_op=medium_photo&user=kL5ckqsAAAAJ
ABDULLAH GÜL ÜNİVERSİTESİ,Ömer Devrim Aksoyak,https://scholar.google.com/citations?view_op=medium_photo&user=EiDPSKIAAAAJ
ABDULLAH GÜL ÜNİVERSİTESİ,Rabia Nur Kartal,https://scholar.google.com/citations?view_op=medium_photo&user=h41UCDcAAAAJ
ABDULLAH GÜL ÜNİVERSİTESİ,Ertuğrul Ateş,https://scholar.google.com/citations?view_op=medium_photo&user=U7fEgLoAAAAJ
ABDULLAH GÜL ÜNİVERSİTESİ,Kübra Erol,https://scholar.google.com/citations?view_op=medium_photo&user=QEP5bpcAAAAJ
ABDULLAH GÜL ÜNİVERSİTESİ,osman oğuz,https://scholar.google.com/citations?view_op=medium_photo&user=HymHSDsAAAAJ
ABDULLAH GÜL ÜNİVERSİTESİ,Bahar Elagöz Timur,https://scholar.google.com/citations?view_op=medium_photo&user=G7b7fqYAAAAJ
ABDULLAH GÜL ÜNİVERSİTESİ,Eren Yağmur,https://scholar.google.com/citations?view_op=medium_photo&user=qQyMG0QAAAAJ
ABDULLAH GÜL ÜNİVERSİTESİ,Zeynep  Şenel,https://scholar.google.com/citations?view_op=medium_photo&user=NviG5wYAAAAJ
ABDULLAH GÜL ÜNİVERSİTESİ,Ömer Faruk Ünlüsoy,https://scholar.google.com/citations?view_op=medium_photo&user=oeKMNScAAAAJ
ABDULLAH GÜL ÜNİVERSİTESİ,ZEYNEP MURAT,https://scholar.google.com/citations?view_op=medium_photo&user=IMYtAsMAAAAJ
ABDULLAH GÜL ÜNİVERSİTESİ,Hasan Can Demirci,https://scholar.google.com/citations?view_op=medium_photo&user=4t2n9eUAAAAJ
ABDULLAH GÜL ÜNİVERSİTESİ,Abdullah Oran,https://scholar.google.com/citations?view_op=medium_photo&user=tudzTK0AAAAJ
ABDULLAH GÜL ÜNİVERSİTESİ,Nihan Muş Özmen,https://scholar.google.com/citations?view_op=medium_photo&user=SskHPOAAAAAJ
ABDULLAH GÜL ÜNİVERSİTESİ,Mehmet şimşek,https://scholar.google.com/citations?view_op=medium_photo&user=N0OjazcAAAAJ
ABDULLAH GÜL ÜNİVERSİTESİ,Rana Torun,https://scholar.google.com/citations?view_op=medium_photo&user=vK5Xo0QAAAAJ
ABDULLAH GÜL ÜNİVERSİTESİ,Mehmet Emin TAMAR,https://scholar.google.com/citations?view_op=medium_photo&user=hpIgdIkAAAAJ
ABDULLAH GÜL ÜNİVERSİTESİ,Gülsüm DURAN GÜLER,https://scholar.google.com/citations?view_op=medium_photo&user=IsHINJ4AAAAJ
ABDULLAH GÜL ÜNİVERSİTESİ,Dr.Hüseyin Gazi Sönmez,https://scholar.google.com/citations?view_op=medium_photo&user=ZQwW73MAAAAJ
ABDULLAH GÜL ÜNİVERSİTESİ,Volkan Özden,https://scholar.google.com/citations?view_op=medium_photo&user=LCuGBIoAAAAJ
ABDULLAH GÜL ÜNİVERSİTESİ,Mehmet Eren Nalici,https://scholar.google.com/citations?view_op=medium_photo&user=HL0JLS8AAAAJ
ABDULLAH GÜL ÜNİVERSİTESİ,Dr. Hüseyin Gazi Sönmez,https://scholar.google.com/citations?view_op=medium_photo&user=JLwpGkkAAAAJ
ABDULLAH GÜL ÜNİVERSİTESİ,Dilber Akcan,https://scholar.google.com/citations?view_op=medium_photo&user=TErSV5kAAAAJ
ABDULLAH GÜL ÜNİVERSİTESİ,Fulya Özgün,https://scholar.google.com/citations?view_op=medium_photo&user=S1K2v3gAAAAJ
ABDULLAH GÜL ÜNİVERSİTESİ,İlinur Can,https://scholar.google.com/citations?view_op=medium_photo&user=A4vwzdQAAAAJ
ABDULLAH GÜL ÜNİVERSİTESİ,Emre Artut,https://scholar.google.com/citations?view_op=medium_photo&user=W86GkZoAAAAJ
ABDULLAH GÜL ÜNİVERSİTESİ,Yavuz Karaburun,https://scholar.google.com/citations?view_op=medium_photo&user=1qxTt0IAAAAJ
ABDULLAH GÜL ÜNİVERSİTESİ,Seda Benli Kaynak,https://scholar.google.com/citations?view_op=medium_photo&user=5kXe2gwAAAAJ
ABDULLAH GÜL ÜNİVERSİTESİ,Melike Gale,https://scholar.google.com/citations?view_op=medium_photo&user=oHv1CiIAAAAJ
ABDULLAH GÜL ÜNİVERSİTESİ,Mustafa Semih Peker,https://scholar.google.com/citations?view_op=medium_photo&user=zd2VvM0AAAAJ
ÖZYEĞİN ÜNİVERSİTESİ,Taylan Akdogan,https://scholar.google.com/citations?view_op=medium_photo&user=3aj-sGUAAAAJ
ÖZYEĞİN ÜNİVERSİTESİ,Ethem Alpaydin,https://scholar.google.com/citations?view_op=medium_photo&user=lXYKgiYAAAAJ
ÖZYEĞİN ÜNİVERSİTESİ,M. Pinar Menguc,https://scholar.google.com/citations?view_op=medium_photo&user=hVpo9CMAAAAJ
ÖZYEĞİN ÜNİVERSİTESİ,M. Reha Civanlar,https://scholar.google.com/citations?view_op=medium_photo&user=6yMIP8AAAAAJ
ÖZYEĞİN ÜNİVERSİTESİ,Ali C. Begen,https://scholar.google.com/citations?view_op=medium_photo&user=ZIZWsXoAAAAJ
ÖZYEĞİN ÜNİVERSİTESİ,Goksen Goksenin Yaralioglu,https://scholar.google.com/citations?view_op=medium_photo&user=g8o-0E8AAAAJ
ÖZYEĞİN ÜNİVERSİTESİ,Burcu Balcik,https://scholar.google.com/citations?view_op=medium_photo&user=jnZEVg8AAAAJ
ÖZYEĞİN ÜNİVERSİTESİ,H. Canan Sümer,https://scholar.google.com/citations?view_op=medium_photo&user=t7bBov0AAAAJ
ÖZYEĞİN ÜNİVERSİTESİ,Evsen Yanmaz,https://scholar.google.com/citations?view_op=medium_photo&user=1icBym8AAAAJ
ÖZYEĞİN ÜNİVERSİTESİ,Erhan Oztop,https://scholar.google.com/citations?view_op=medium_photo&user=A8YEQMMAAAAJ
ÖZYEĞİN ÜNİVERSİTESİ,Murat Somer,https://scholar.google.com/citations?view_op=medium_photo&user=czjYkIYAAAAJ
ÖZYEĞİN ÜNİVERSİTESİ,Tufan Adıgüzel,https://scholar.google.com/citations?view_op=medium_photo&user=bIK6lPIAAAAJ
ÖZYEĞİN ÜNİVERSİTESİ,Ilker Hamzaoglu,https://scholar.google.com/citations?view_op=medium_photo&user=9xkNFsUAAAAJ
ÖZYEĞİN ÜNİVERSİTESİ,Canan Ergin,https://scholar.google.com/citations?view_op=medium_photo&user=2Xj9sskAAAAJ
ÖZYEĞİN ÜNİVERSİTESİ,MI Aksun,https://scholar.google.com/citations?view_op=medium_photo&user=eT0vTMQAAAAJ
ÖZYEĞİN ÜNİVERSİTESİ,Ekrem Duman,https://scholar.google.com/citations?view_op=medium_photo&user=e7LvetMAAAAJ
ÖZYEĞİN ÜNİVERSİTESİ,Baris Tan,https://scholar.google.com/citations?view_op=medium_photo&user=aqw-qToAAAAJ
ÖZYEĞİN ÜNİVERSİTESİ,Tanju Erdem,https://scholar.google.com/citations?view_op=medium_photo&user=0xAZgi4AAAAJ
ÖZYEĞİN ÜNİVERSİTESİ,Ilknur Erucar,https://scholar.google.com/citations?view_op=medium_photo&user=mFXwpdcAAAAJ
ÖZYEĞİN ÜNİVERSİTESİ,G. Tarcan Kumkale,https://scholar.google.com/citations?view_op=medium_photo&user=OBNlcmoAAAAJ
ÖZYEĞİN ÜNİVERSİTESİ,Mehmet Genc,https://scholar.google.com/citations?view_op=medium_photo&user=48D5J0UAAAAJ
ÖZYEĞİN ÜNİVERSİTESİ,Guney Guven Yapici,https://scholar.google.com/citations?view_op=medium_photo&user=VkSN8WYAAAAJ
ÖZYEĞİN ÜNİVERSİTESİ,Olcay Taner Yildiz,https://scholar.google.com/citations?view_op=medium_photo&user=CCdVhSsAAAAJ
ÖZYEĞİN ÜNİVERSİTESİ,Bige Saatcioglu,https://scholar.google.com/citations?view_op=medium_photo&user=Ltl2_gcAAAAJ
ÖZYEĞİN ÜNİVERSİTESİ,Ismail Ari,https://scholar.google.com/citations?view_op=medium_photo&user=00tvX_4AAAAJ
ÖZYEĞİN ÜNİVERSİTESİ,Mahmut Bayazit,https://scholar.google.com/citations?view_op=medium_photo&user=E47L5rsAAAAJ
ÖZYEĞİN ÜNİVERSİTESİ,Bekir Bartin,https://scholar.google.com/citations?view_op=medium_photo&user=FWa0Nd4AAAAJ
ÖZYEĞİN ÜNİVERSİTESİ,Cigdem Eroglu Erdem,https://scholar.google.com/citations?view_op=medium_photo&user=5m6IrpgAAAAJ
ÖZYEĞİN ÜNİVERSİTESİ,Parviz Elahi,https://scholar.google.com/citations?view_op=medium_photo&user=dZ5KCGgAAAAJ
ÖZYEĞİN ÜNİVERSİTESİ,Ceyda Maden Eyiusta,https://scholar.google.com/citations?view_op=medium_photo&user=ts7f8Y4AAAAJ
ÖZYEĞİN ÜNİVERSİTESİ,Asiye Kumru,https://scholar.google.com/citations?view_op=medium_photo&user=gfHtMrAAAAAJ
ÖZYEĞİN ÜNİVERSİTESİ,Ibrahim Acar,https://scholar.google.com/citations?view_op=medium_photo&user=YF9rO5wAAAAJ
ÖZYEĞİN ÜNİVERSİTESİ,M. Furkan Kirac,https://scholar.google.com/citations?view_op=medium_photo&user=kdJBxv8AAAAJ
ÖZYEĞİN ÜNİVERSİTESİ,Ali İ Tekcan,https://scholar.google.com/citations?view_op=medium_photo&user=MIX7Ef8AAAAJ
ÖZYEĞİN ÜNİVERSİTESİ,Evren Balta,https://scholar.google.com/citations?view_op=medium_photo&user=PjOxKiIAAAAJ
ÖZYEĞİN ÜNİVERSİTESİ,Gulay Altay,https://scholar.google.com/citations?view_op=medium_photo&user=dD6H41sAAAAJ
ÖZYEĞİN ÜNİVERSİTESİ,Barkan Ugurlu,https://scholar.google.com/citations?view_op=medium_photo&user=iCXFnPgAAAAJ
ÖZYEĞİN ÜNİVERSİTESİ,İhsan Yanıkoğlu,https://scholar.google.com/citations?view_op=medium_photo&user=1UBnG2EAAAAJ
ÖZYEĞİN ÜNİVERSİTESİ,Reyhan Aydogan,https://scholar.google.com/citations?view_op=medium_photo&user=sHL3j0kAAAAJ
ÖZYEĞİN ÜNİVERSİTESİ,Seydi Yavas,https://scholar.google.com/citations?view_op=medium_photo&user=NIr6ezQAAAAJ
ÖZYEĞİN ÜNİVERSİTESİ,Cenk Demiroglu,https://scholar.google.com/citations?view_op=medium_photo&user=d69Sf9sAAAAJ
ÖZYEĞİN ÜNİVERSİTESİ,Ozkan Bebek,https://scholar.google.com/citations?view_op=medium_photo&user=elKB_6gAAAAJ
ÖZYEĞİN ÜNİVERSİTESİ,Ozlem Yenerer Cakmut,https://scholar.google.com/citations?view_op=medium_photo&user=PRb18ZsAAAAJ
ÖZYEĞİN ÜNİVERSİTESİ,Deniz S. Sert,https://scholar.google.com/citations?view_op=medium_photo&user=kFc7yBQAAAAJ
ÖZYEĞİN ÜNİVERSİTESİ,Ali Ekici,https://scholar.google.com/citations?view_op=medium_photo&user=GA639wEAAAAJ
ÖZYEĞİN ÜNİVERSİTESİ,Berk Ataman,https://scholar.google.com/citations?view_op=medium_photo&user=ae2axagAAAAJ
ÖZYEĞİN ÜNİVERSİTESİ,Umit Ozlale,https://scholar.google.com/citations?view_op=medium_photo&user=7uaUABgAAAAJ
ÖZYEĞİN ÜNİVERSİTESİ,Husnu Ata Erbay,https://scholar.google.com/citations?view_op=medium_photo&user=8gCGY0oAAAAJ
ÖZYEĞİN ÜNİVERSİTESİ,Aysin Pasamehmetoglu,https://scholar.google.com/citations?view_op=medium_photo&user=C4_yjYIAAAAJ
ÖZYEĞİN ÜNİVERSİTESİ,Hasan Sozer,https://scholar.google.com/citations?view_op=medium_photo&user=L3FuUX0AAAAJ
ÖZYEĞİN ÜNİVERSİTESİ,Okan Orsan Ozener,https://scholar.google.com/citations?view_op=medium_photo&user=juwNugoAAAAJ
ÖZYEĞİN ÜNİVERSİTESİ,Alper Ünlü,https://scholar.google.com/citations?view_op=medium_photo&user=zkAkU04AAAAJ
ÖZYEĞİN ÜNİVERSİTESİ,Kubra Kalkan,https://scholar.google.com/citations?view_op=medium_photo&user=xE0INEMAAAAJ
ÖZYEĞİN ÜNİVERSİTESİ,M. Burcin Unlu,https://scholar.google.com/citations?view_op=medium_photo&user=u0X9VHMAAAAJ
ÖZYEĞİN ÜNİVERSİTESİ,Ragip Akbas,https://scholar.google.com/citations?view_op=medium_photo&user=jQQZ3mQAAAAJ
ÖZYEĞİN ÜNİVERSİTESİ,Isil Erol,https://scholar.google.com/citations?view_op=medium_photo&user=SgHktuoAAAAJ
ÖZYEĞİN ÜNİVERSİTESİ,H. Akin Unver,https://scholar.google.com/citations?view_op=medium_photo&user=w5bGq5IAAAAJ
ÖZYEĞİN ÜNİVERSİTESİ,Levent Güntay,https://scholar.google.com/citations?view_op=medium_photo&user=YkqRDXoAAAAJ
ÖZYEĞİN ÜNİVERSİTESİ,Zeynep Basaran Bundur,https://scholar.google.com/citations?view_op=medium_photo&user=IPoL-T0AAAAJ
ÖZYEĞİN ÜNİVERSİTESİ,Erik den Hartigh,https://scholar.google.com/citations?view_op=medium_photo&user=4L2JadcAAAAJ
ÖZYEĞİN ÜNİVERSİTESİ,Ahmed Akgiray,https://scholar.google.com/citations?view_op=medium_photo&user=EEPwM78AAAAJ
ÖZYEĞİN ÜNİVERSİTESİ,Hasan F. Ateş,https://scholar.google.com/citations?view_op=medium_photo&user=4YHgEJQAAAAJ
ÖZYEĞİN ÜNİVERSİTESİ,Han Ozsoylev,https://scholar.google.com/citations?view_op=medium_photo&user=enOMi4sAAAAJ
ÖZYEĞİN ÜNİVERSİTESİ,Volkan Yeniaras,https://scholar.google.com/citations?view_op=medium_photo&user=R0zgQ6wAAAAJ
ÖZYEĞİN ÜNİVERSİTESİ,Erhun Kundakcioglu,https://scholar.google.com/citations?view_op=medium_photo&user=k6NTKvsAAAAJ
ÖZYEĞİN ÜNİVERSİTESİ,Behlul Ozkan,https://scholar.google.com/citations?view_op=medium_photo&user=hRl-4i0AAAAJ
ÖZYEĞİN ÜNİVERSİTESİ,Hakan Demir,https://scholar.google.com/citations?view_op=medium_photo&user=6s8dusgAAAAJ
ÖZYEĞİN ÜNİVERSİTESİ,Alpay Er,https://scholar.google.com/citations?view_op=medium_photo&user=xjYYciwAAAAJ
ÖZYEĞİN ÜNİVERSİTESİ,Saadet Erbay,https://scholar.google.com/citations?view_op=medium_photo&user=L_9Y0KUAAAAJ
ÖZYEĞİN ÜNİVERSİTESİ,Atakan Yalcin,https://scholar.google.com/citations?view_op=medium_photo&user=dAh6UCIAAAAJ
ÖZYEĞİN ÜNİVERSİTESİ,Ceren Hayran,https://scholar.google.com/citations?view_op=medium_photo&user=KGwM3uAAAAAJ
ÖZYEĞİN ÜNİVERSİTESİ,Sendur Polat,https://scholar.google.com/citations?view_op=medium_photo&user=bfSCM5AAAAAJ
ÖZYEĞİN ÜNİVERSİTESİ,Dilek Günneç,https://scholar.google.com/citations?view_op=medium_photo&user=KjnjA78AAAAJ
ÖZYEĞİN ÜNİVERSİTESİ,Özge Samancı,https://scholar.google.com/citations?view_op=medium_photo&user=jKakW2wAAAAJ
ÖZYEĞİN ÜNİVERSİTESİ,Haluk Konuk,https://scholar.google.com/citations?view_op=medium_photo&user=zeV8S8QAAAAJ
ÖZYEĞİN ÜNİVERSİTESİ,Ebru Ertugal,https://scholar.google.com/citations?view_op=medium_photo&user=5xGBjL4AAAAJ
ÖZYEĞİN ÜNİVERSİTESİ,Özgür Ertunç,https://scholar.google.com/citations?view_op=medium_photo&user=gxkeLykAAAAJ
ÖZYEĞİN ÜNİVERSİTESİ,Semih Soran,https://scholar.google.com/citations?view_op=medium_photo&user=6VTj76YAAAAJ
ÖZYEĞİN ÜNİVERSİTESİ,H. Fatih Ugurdag,https://scholar.google.com/citations?view_op=medium_photo&user=IdZE034AAAAJ
ÖZYEĞİN ÜNİVERSİTESİ,Tolga Akcura,https://scholar.google.com/citations?view_op=medium_photo&user=yJv3GqoAAAAJ
ÖZYEĞİN ÜNİVERSİTESİ,Alper Açık,https://scholar.google.com/citations?view_op=medium_photo&user=v0MnOFgAAAAJ
ÖZYEĞİN ÜNİVERSİTESİ,Gökçe Elif Baykal,https://scholar.google.com/citations?view_op=medium_photo&user=ZCxpY88AAAAJ
ÖZYEĞİN ÜNİVERSİTESİ,ramazan ünal,https://scholar.google.com/citations?view_op=medium_photo&user=wP-2bFgAAAAJ
ÖZYEĞİN ÜNİVERSİTESİ,Kadir Durak,https://scholar.google.com/citations?view_op=medium_photo&user=pSkQX6gAAAAJ
ÖZYEĞİN ÜNİVERSİTESİ,Ezgi Elçi,https://scholar.google.com/citations?view_op=medium_photo&user=-SX9HDgAAAAJ
ÖZYEĞİN ÜNİVERSİTESİ,Ayça Çeşmelioğlu,https://scholar.google.com/citations?view_op=medium_photo&user=qHZUvokAAAAJ
ÖZYEĞİN ÜNİVERSİTESİ,Kivilcim Dogerlioglu-Demir,https://scholar.google.com/citations?view_op=medium_photo&user=wWNMQDcAAAAJ
ÖZYEĞİN ÜNİVERSİTESİ,Hatice Kucukonal,https://scholar.google.com/citations?view_op=medium_photo&user=nu-QB-wAAAAJ
ÖZYEĞİN ÜNİVERSİTESİ,Aslihan Unlu,https://scholar.google.com/citations?view_op=medium_photo&user=bzXRXBkAAAAJ
ÖZYEĞİN ÜNİVERSİTESİ,Bochra Idris,https://scholar.google.com/citations?view_op=medium_photo&user=WRhrb70AAAAJ
ÖZYEĞİN ÜNİVERSİTESİ,Enis Kayis,https://scholar.google.com/citations?view_op=medium_photo&user=lGcy34gAAAAJ
ÖZYEĞİN ÜNİVERSİTESİ,Ahmet Murat Fis,https://scholar.google.com/citations?view_op=medium_photo&user=oMEnPdgAAAAJ
ÖZYEĞİN ÜNİVERSİTESİ,Ayfer Dost-Gözkan; Ayfer Dost,https://scholar.google.com/citations?view_op=medium_photo&user=WV2F_Z0AAAAJ
ÖZYEĞİN ÜNİVERSİTESİ,Celal Alpay Havle,https://scholar.google.com/citations?view_op=medium_photo&user=klraE40AAAAJ
ÖZYEĞİN ÜNİVERSİTESİ,Eylem Koca,https://scholar.google.com/citations?view_op=medium_photo&user=Bx3oO4oAAAAJ
ÖZYEĞİN ÜNİVERSİTESİ,Susan Beth Rottmann,https://scholar.google.com/citations?view_op=medium_photo&user=a_8IL0IAAAAJ
ÖZYEĞİN ÜNİVERSİTESİ,Yasin Özkanca,https://scholar.google.com/citations?view_op=medium_photo&user=7c--43gAAAAJ
ÖZYEĞİN ÜNİVERSİTESİ,Seyed Amin Seyfi,https://scholar.google.com/citations?view_op=medium_photo&user=AZpGUgMAAAAJ
ÖZYEĞİN ÜNİVERSİTESİ,Derya Deniz,https://scholar.google.com/citations?view_op=medium_photo&user=8i2PTBEAAAAJ
ÖZYEĞİN ÜNİVERSİTESİ,Mina Seraj Aksit,https://scholar.google.com/citations?view_op=medium_photo&user=LX7MSuQAAAAJ
ÖZYEĞİN ÜNİVERSİTESİ,Erinc Albey,https://scholar.google.com/citations?view_op=medium_photo&user=VoHbyvsAAAAJ
ÖZYEĞİN ÜNİVERSİTESİ,Safiye Feyza Cinicioglu,https://scholar.google.com/citations?view_op=medium_photo&user=p2w-zUYDmyAC
ÖZYEĞİN ÜNİVERSİTESİ,Senem SEYIS,https://scholar.google.com/citations?view_op=medium_photo&user=VfXnBcQAAAAJ
ÖZYEĞİN ÜNİVERSİTESİ,Mustafa Topaloglu,https://scholar.google.com/citations?view_op=medium_photo&user=S_B-HLUAAAAJ
ÖZYEĞİN ÜNİVERSİTESİ,emre sefer,https://scholar.google.com/citations?view_op=medium_photo&user=W5qWthcAAAAJ
ÖZYEĞİN ÜNİVERSİTESİ,Emre Sefer,https://scholar.google.com/citations?view_op=medium_photo&user=lPj5KHMAAAAJ
ÖZYEĞİN ÜNİVERSİTESİ,Luis MARTIN-DOMINGO,https://scholar.google.com/citations?view_op=medium_photo&user=W06ngRcAAAAJ
ÖZYEĞİN ÜNİVERSİTESİ,Çimen Günay-Erkol,https://scholar.google.com/citations?view_op=medium_photo&user=hSCwJWUAAAAJ
ÖZYEĞİN ÜNİVERSİTESİ,Bahriye Cesaret,https://scholar.google.com/citations?view_op=medium_photo&user=KgG17xYAAAAJ
ÖZYEĞİN ÜNİVERSİTESİ,Asli Agirbas,https://scholar.google.com/citations?view_op=medium_photo&user=vexduisAAAAJ
ÖZYEĞİN ÜNİVERSİTESİ,Nida Türegün,https://scholar.google.com/citations?view_op=medium_photo&user=AcXtvL4AAAAJ
ÖZYEĞİN ÜNİVERSİTESİ,Berna Zengin Arslan,https://scholar.google.com/citations?view_op=medium_photo&user=AM0lJZ4AAAAJ
ÖZYEĞİN ÜNİVERSİTESİ,Sebnem Timur Ogut,https://scholar.google.com/citations?view_op=medium_photo&user=KeIpnXYAAAAJ
ÖZYEĞİN ÜNİVERSİTESİ,zeliha aydin,https://scholar.google.com/citations?view_op=medium_photo&user=7ZA9ovEAAAAJ
ÖZYEĞİN ÜNİVERSİTESİ,Ismail Akturk,https://scholar.google.com/citations?view_op=medium_photo&user=B5hTe7sAAAAJ
ÖZYEĞİN ÜNİVERSİTESİ,Gokturk Poyrazoglu,https://scholar.google.com/citations?view_op=medium_photo&user=rh6nY_8AAAAJ
ÖZYEĞİN ÜNİVERSİTESİ,Omer Karadag,https://scholar.google.com/citations?view_op=medium_photo&user=uTGdB04AAAAJ
ÖZYEĞİN ÜNİVERSİTESİ,Senem ZEYTINOGLU-SAYDAM,https://scholar.google.com/citations?view_op=medium_photo&user=ihJup0wAAAAJ
ÖZYEĞİN ÜNİVERSİTESİ,Dr. Sinem Emine Mete,https://scholar.google.com/citations?view_op=medium_photo&user=UhuRbWQAAAAJ
ÖZYEĞİN ÜNİVERSİTESİ,Koray İnçki,https://scholar.google.com/citations?view_op=medium_photo&user=XcFA54sAAAAJ
ÖZYEĞİN ÜNİVERSİTESİ,Hamza Makhamreh,https://scholar.google.com/citations?view_op=medium_photo&user=j8Okt8IAAAAJ
ÖZYEĞİN ÜNİVERSİTESİ,Zafer Gurel,https://scholar.google.com/citations?view_op=medium_photo&user=OnXbgNQAAAAJ
ÖZYEĞİN ÜNİVERSİTESİ,İlknur Karadeniz,https://scholar.google.com/citations?view_op=medium_photo&user=FxEdUdQAAAAJ
ÖZYEĞİN ÜNİVERSİTESİ,Nagihan Comez Dolgan,https://scholar.google.com/citations?view_op=medium_photo&user=_vUomt4AAAAJ
ÖZYEĞİN ÜNİVERSİTESİ,Taner Yılmaz,https://scholar.google.com/citations?view_op=medium_photo&user=59DkD9IAAAAJ
ÖZYEĞİN ÜNİVERSİTESİ,Zeynep Özdemir Güler,https://scholar.google.com/citations?view_op=medium_photo&user=yiHpQBEAAAAJ
ÖZYEĞİN ÜNİVERSİTESİ,Alina Taran,https://scholar.google.com/citations?view_op=medium_photo&user=g-Br5tsAAAAJ
ÖZYEĞİN ÜNİVERSİTESİ,Hande Öztürk,https://scholar.google.com/citations?view_op=medium_photo&user=5SdOM4wAAAAJ
ÖZYEĞİN ÜNİVERSİTESİ,Şenay Yitmen,https://scholar.google.com/citations?view_op=medium_photo&user=bd6lvtoAAAAJ
ÖZYEĞİN ÜNİVERSİTESİ,Cem Deniz Caglar Bozkir,https://scholar.google.com/citations?view_op=medium_photo&user=hqN1J00AAAAJ
ÖZYEĞİN ÜNİVERSİTESİ,nuri ozalp,https://scholar.google.com/citations?view_op=medium_photo&user=6BoNSjUAAAAJ
ÖZYEĞİN ÜNİVERSİTESİ,Başak Ozan Özparlak,https://scholar.google.com/citations?view_op=medium_photo&user=8IoAWToAAAAJ
ÖZYEĞİN ÜNİVERSİTESİ,Yigit Altan,https://scholar.google.com/citations?view_op=medium_photo&user=LGijOPUAAAAJ
ÖZYEĞİN ÜNİVERSİTESİ,T. Deniz Erkmen,https://scholar.google.com/citations?view_op=medium_photo&user=qbnrn6gAAAAJ
ÖZYEĞİN ÜNİVERSİTESİ,Altug M. Basol,https://scholar.google.com/citations?view_op=medium_photo&user=eE89qaoAAAAJ
ÖZYEĞİN ÜNİVERSİTESİ,Dr. Sueda Saylan,https://scholar.google.com/citations?view_op=medium_photo&user=QFaxhHYAAAAJ
ÖZYEĞİN ÜNİVERSİTESİ,Furkan Kınlı,https://scholar.google.com/citations?view_op=medium_photo&user=EJDZ6aAAAAAJ
ÖZYEĞİN ÜNİVERSİTESİ,Handan Borluk,https://scholar.google.com/citations?view_op=medium_photo&user=zApEoAkAAAAJ
ÖZYEĞİN ÜNİVERSİTESİ,Derya Yorgancioglu,https://scholar.google.com/citations?view_op=medium_photo&user=poWLNZYAAAAJ
ÖZYEĞİN ÜNİVERSİTESİ,Gaye Genç,https://scholar.google.com/citations?view_op=medium_photo&user=KnjBRWUAAAAJ
ÖZYEĞİN ÜNİVERSİTESİ,Fatemeh Kalantarifard,https://scholar.google.com/citations?view_op=medium_photo&user=hRImzpsAAAAJ
ÖZYEĞİN ÜNİVERSİTESİ,Orcun Temizkan,https://scholar.google.com/citations?view_op=medium_photo&user=mVFm4jAAAAAJ
ÖZYEĞİN ÜNİVERSİTESİ,Asst. Prof. Hanım Kader Şanlıöz-Özgen (ÜAK Doçent),https://scholar.google.com/citations?view_op=medium_photo&user=0f3nMNEAAAAJ
ÖZYEĞİN ÜNİVERSİTESİ,Ali Hosseinzadeh,https://scholar.google.com/citations?view_op=medium_photo&user=PIslUKUAAAAJ
ÖZYEĞİN ÜNİVERSİTESİ,Suzan Tireki,https://scholar.google.com/citations?view_op=medium_photo&user=760ODMAAAAAJ
ÖZYEĞİN ÜNİVERSİTESİ,Ilker Fatih Ozorhon,https://scholar.google.com/citations?view_op=medium_photo&user=pFb_4HwAAAAJ
ÖZYEĞİN ÜNİVERSİTESİ,Nese Ganiç Saglam,https://scholar.google.com/citations?view_op=medium_photo&user=ZT2P0fYAAAAJ
ÖZYEĞİN ÜNİVERSİTESİ,Merih Erol,https://scholar.google.com/citations?view_op=medium_photo&user=Ka9_0DkAAAAJ
ÖZYEĞİN ÜNİVERSİTESİ,Gozde Corekcioglu,https://scholar.google.com/citations?view_op=medium_photo&user=A8cO090AAAAJ
ÖZYEĞİN ÜNİVERSİTESİ,Berkay Anahtarci,https://scholar.google.com/citations?view_op=medium_photo&user=I2UqIcIAAAAJ
ÖZYEĞİN ÜNİVERSİTESİ,"Faik Gür, Ph.D., Associate Professor",https://scholar.google.com/citations?view_op=medium_photo&user=7DhS2UIAAAAJ
ÖZYEĞİN ÜNİVERSİTESİ,Mehmet Önal,https://scholar.google.com/citations?view_op=medium_photo&user=yX6lLOoAAAAJ
ÖZYEĞİN ÜNİVERSİTESİ,Alpkan Birelma,https://scholar.google.com/citations?view_op=medium_photo&user=3adTQgEAAAAJ
ÖZYEĞİN ÜNİVERSİTESİ,Can Deha Karıksız,https://scholar.google.com/citations?view_op=medium_photo&user=ar_DOeQAAAAJ
ÖZYEĞİN ÜNİVERSİTESİ,Ekrem Çetinkaya,https://scholar.google.com/citations?view_op=medium_photo&user=fRqwRgQAAAAJ
ÖZYEĞİN ÜNİVERSİTESİ,Işılay Tekçe,https://scholar.google.com/citations?view_op=medium_photo&user=APVlgVAAAAAJ
ÖZYEĞİN ÜNİVERSİTESİ,Mehmet Saner,https://scholar.google.com/citations?view_op=medium_photo&user=mcHAzQIAAAAJ
ÖZYEĞİN ÜNİVERSİTESİ,Arzu Turkan,https://scholar.google.com/citations?view_op=medium_photo&user=7syDgBoAAAAJ
ÖZYEĞİN ÜNİVERSİTESİ,Metin Çavuş,https://scholar.google.com/citations?view_op=medium_photo&user=z5LW5fcAAAAJ
ÖZYEĞİN ÜNİVERSİTESİ,Sevgi Usta,https://scholar.google.com/citations?view_op=medium_photo&user=4CWuCK4AAAAJ
ÖZYEĞİN ÜNİVERSİTESİ,Ali Sipahi,https://scholar.google.com/citations?view_op=medium_photo&user=i-mQgfEAAAAJ
ÖZYEĞİN ÜNİVERSİTESİ,Gonul Sengul,https://scholar.google.com/citations?view_op=medium_photo&user=7mFBUJEAAAAJ
ÖZYEĞİN ÜNİVERSİTESİ,Ferhat KARANFİL,https://scholar.google.com/citations?view_op=medium_photo&user=zswqbaAAAAAJ
ÖZYEĞİN ÜNİVERSİTESİ,Gulsah Sagbas,https://scholar.google.com/citations?view_op=medium_photo&user=cDjr-GkAAAAJ
ÖZYEĞİN ÜNİVERSİTESİ,Beyza Şat,https://scholar.google.com/citations?view_op=medium_photo&user=SDEiCcEAAAAJ
ÖZYEĞİN ÜNİVERSİTESİ,Ozgun Ekici,https://scholar.google.com/citations?view_op=medium_photo&user=9iI3xiYAAAAJ
ÖZYEĞİN ÜNİVERSİTESİ,Doga Dinemis Aman,https://scholar.google.com/citations?view_op=medium_photo&user=bXB6gW4AAAAJ
ÖZYEĞİN ÜNİVERSİTESİ,Ozge Peksatici Yanikoglu,https://scholar.google.com/citations?view_op=medium_photo&user=dDjYjBYAAAAJ
ÖZYEĞİN ÜNİVERSİTESİ,Didem Boyacıoğlu,https://scholar.google.com/citations?view_op=medium_photo&user=U6ASaawAAAAJ
ÖZYEĞİN ÜNİVERSİTESİ,Sena Kilic,https://scholar.google.com/citations?view_op=medium_photo&user=NRtOGL0AAAAJ
ÖZYEĞİN ÜNİVERSİTESİ,Anıl Doğru,https://scholar.google.com/citations?view_op=medium_photo&user=REiKP6AAAAAJ
ÖZYEĞİN ÜNİVERSİTESİ,Ş. Nuray Akin,https://scholar.google.com/citations?view_op=medium_photo&user=IWsvZDsAAAAJ
ÖZYEĞİN ÜNİVERSİTESİ,"Canakcioglu,  Nevset Gul",https://scholar.google.com/citations?view_op=medium_photo&user=dNJXn9UAAAAJ
ÖZYEĞİN ÜNİVERSİTESİ,Ömer Faruk Çelebi,https://scholar.google.com/citations?view_op=medium_photo&user=yVpTuK4AAAAJ
ÖZYEĞİN ÜNİVERSİTESİ,Mohammad Reza Ghavidel Aghdam,https://scholar.google.com/citations?view_op=medium_photo&user=mZjBA18AAAAJ
ÖZYEĞİN ÜNİVERSİTESİ,Yaşar Safkan,https://scholar.google.com/citations?view_op=medium_photo&user=wpq_6hMAAAAJ
ÖZYEĞİN ÜNİVERSİTESİ,Melike Findikoglu,https://scholar.google.com/citations?view_op=medium_photo&user=ZXh0FKwAAAAJ
ÖZYEĞİN ÜNİVERSİTESİ,Leyla Adiloglu-Yalcinkaya,https://scholar.google.com/citations?view_op=medium_photo&user=Y9rYHDQAAAAJ
ÖZYEĞİN ÜNİVERSİTESİ,Selin ÜST,https://scholar.google.com/citations?view_op=medium_photo&user=axhCK40AAAAJ
ÖZYEĞİN ÜNİVERSİTESİ,Isam Jabbar Ibrahim,https://scholar.google.com/citations?view_op=medium_photo&user=Sm1P72QAAAAJ
ÖZYEĞİN ÜNİVERSİTESİ,Arzu Aras (Akçal),https://scholar.google.com/citations?view_op=medium_photo&user=7ePe8MYAAAAJ
ÖZYEĞİN ÜNİVERSİTESİ,Leila Ashegh Navaie Ph.D in Applied Linguistics & TESOL,https://scholar.google.com/citations?view_op=medium_photo&user=eVmNzCUAAAAJ
ÖZYEĞİN ÜNİVERSİTESİ,Luca Orlandi,https://scholar.google.com/citations?view_op=medium_photo&user=-hQgwCYAAAAJ
ÖZYEĞİN ÜNİVERSİTESİ,S. Mehmet Ozsoy,https://scholar.google.com/citations?view_op=medium_photo&user=jzT-cw8AAAAJ
ÖZYEĞİN ÜNİVERSİTESİ,Begum Guney,https://scholar.google.com/citations?view_op=medium_photo&user=z42aCP4AAAAJ
ÖZYEĞİN ÜNİVERSİTESİ,Eser Selen,https://scholar.google.com/citations?view_op=medium_photo&user=YAtCrWYAAAAJ
ÖZYEĞİN ÜNİVERSİTESİ,Senem Timuroğlu,https://scholar.google.com/citations?view_op=medium_photo&user=WKFiBVQAAAAJ
ÖZYEĞİN ÜNİVERSİTESİ,Umut Gokcen,https://scholar.google.com/citations?view_op=medium_photo&user=4iLF9jIAAAAJ
ÖZYEĞİN ÜNİVERSİTESİ,Tugce Erkilic Civelek,https://scholar.google.com/citations?view_op=medium_photo&user=RcdF89kAAAAJ
ÖZYEĞİN ÜNİVERSİTESİ,Barış Demirbay,https://scholar.google.com/citations?view_op=medium_photo&user=Sd9yZaEAAAAJ
ÖZYEĞİN ÜNİVERSİTESİ,Ali Alipour,https://scholar.google.com/citations?view_op=medium_photo&user=plrTep4AAAAJ
ÖZYEĞİN ÜNİVERSİTESİ,Araz Salimnezhad,https://scholar.google.com/citations?view_op=medium_photo&user=cDygKcsAAAAJ
ÖZYEĞİN ÜNİVERSİTESİ,Aybike Mergen,https://scholar.google.com/citations?view_op=medium_photo&user=4FlGXtwAAAAJ
ÖZYEĞİN ÜNİVERSİTESİ,Ayse H. Koksal,https://scholar.google.com/citations?view_op=medium_photo&user=Ric_iFYAAAAJ
ÖZYEĞİN ÜNİVERSİTESİ,Nitel Muhtaroglu,https://scholar.google.com/citations?view_op=medium_photo&user=vqPLvgsAAAAJ
ÖZYEĞİN ÜNİVERSİTESİ,Burcu Mutlu,https://scholar.google.com/citations?view_op=medium_photo&user=QdwE-VQAAAAJ
ÖZYEĞİN ÜNİVERSİTESİ,Mohammad Bagheri,https://scholar.google.com/citations?view_op=medium_photo&user=nw7-vDkAAAAJ
ÖZYEĞİN ÜNİVERSİTESİ,Ali Serdar,https://scholar.google.com/citations?view_op=medium_photo&user=a0pYaBQAAAAJ
ÖZYEĞİN ÜNİVERSİTESİ,İpek Sevda Söğüt,https://scholar.google.com/citations?view_op=medium_photo&user=9z_jHawAAAAJ
ÖZYEĞİN ÜNİVERSİTESİ,Kambiz Shojaei,https://scholar.google.com/citations?view_op=medium_photo&user=EmjKcKgAAAAJ
ÖZYEĞİN ÜNİVERSİTESİ,Cem Keskin,https://scholar.google.com/citations?view_op=medium_photo&user=Od1aKcEAAAAJ
ÖZYEĞİN ÜNİVERSİTESİ,Senad Lekpek,https://scholar.google.com/citations?view_op=medium_photo&user=Ymy61-UAAAAJ
ÖZYEĞİN ÜNİVERSİTESİ,Waqas Hussain,https://scholar.google.com/citations?view_op=medium_photo&user=9H0F0D0AAAAJ
ÖZYEĞİN ÜNİVERSİTESİ,"Celia K. Naivar Sen, PhD, MPH",https://scholar.google.com/citations?view_op=medium_photo&user=EM7Mkk0AAAAJ
ÖZYEĞİN ÜNİVERSİTESİ,Dr. Ferhat Yıldırım,https://scholar.google.com/citations?view_op=medium_photo&user=Py8XG_cAAAAJ
ÖZYEĞİN ÜNİVERSİTESİ,Ali Arsal,https://scholar.google.com/citations?view_op=medium_photo&user=dHFeFuYAAAAJ
ÖZYEĞİN ÜNİVERSİTESİ,Negin Amirshirzad,https://scholar.google.com/citations?view_op=medium_photo&user=eWjOcCEAAAAJ
ÖZYEĞİN ÜNİVERSİTESİ,Aras Türay,https://scholar.google.com/citations?view_op=medium_photo&user=AQXxMfEAAAAJ
ÖZYEĞİN ÜNİVERSİTESİ,Muzaffer Akat,https://scholar.google.com/citations?view_op=medium_photo&user=TgrRv_YAAAAJ
ÖZYEĞİN ÜNİVERSİTESİ,Ramin Soleymani,https://scholar.google.com/citations?view_op=medium_photo&user=0bpQnrcAAAAJ
ÖZYEĞİN ÜNİVERSİTESİ,Z. Melis Teksan,https://scholar.google.com/citations?view_op=medium_photo&user=FENSVMAAAAAJ
ÖZYEĞİN ÜNİVERSİTESİ,Asli Zulug,https://scholar.google.com/citations?view_op=medium_photo&user=apKhDSUAAAAJ
ÖZYEĞİN ÜNİVERSİTESİ,Gorkem Muttalip Simsek,https://scholar.google.com/citations?view_op=medium_photo&user=zLOgRYYAAAAJ
ÖZYEĞİN ÜNİVERSİTESİ,Ayşe Ceren Bilge,https://scholar.google.com/citations?view_op=medium_photo&user=2vshkIgAAAAJ
ÖZYEĞİN ÜNİVERSİTESİ,ECE KALAYCIOĞLU ÖZDEMİR,https://scholar.google.com/citations?view_op=medium_photo&user=XRaEw3kAAAAJ
ÖZYEĞİN ÜNİVERSİTESİ,Mehmet Onur Keskin,https://scholar.google.com/citations?view_op=medium_photo&user=jGrLNAEAAAAJ
ÖZYEĞİN ÜNİVERSİTESİ,Aykan Akbulut,https://scholar.google.com/citations?view_op=medium_photo&user=HG6Hvl8AAAAJ
ÖZYEĞİN ÜNİVERSİTESİ,Mehmet Öz,https://scholar.google.com/citations?view_op=medium_photo&user=FBZcsucAAAAJ
ÖZYEĞİN ÜNİVERSİTESİ,Ali Nezami,https://scholar.google.com/citations?view_op=medium_photo&user=becore8AAAAJ
ÖZYEĞİN ÜNİVERSİTESİ,Basak Altan,https://scholar.google.com/citations?view_op=medium_photo&user=vYTO-gMAAAAJ
ÖZYEĞİN ÜNİVERSİTESİ,Emre Karali,https://scholar.google.com/citations?view_op=medium_photo&user=ESow4ssAAAAJ
ÖZYEĞİN ÜNİVERSİTESİ,Emrah Ahi,https://scholar.google.com/citations?view_op=medium_photo&user=xPCjU-8AAAAJ
ÖZYEĞİN ÜNİVERSİTESİ,Iklil Selcuk,https://scholar.google.com/citations?view_op=medium_photo&user=-_yAYJcAAAAJ
ÖZYEĞİN ÜNİVERSİTESİ,Bo Wei,https://scholar.google.com/citations?view_op=medium_photo&user=gLOpRgMAAAAJ
ÖZYEĞİN ÜNİVERSİTESİ,Merdan Batyrow,https://scholar.google.com/citations?view_op=medium_photo&user=cfzTWNUAAAAJ
ÖZYEĞİN ÜNİVERSİTESİ,Candan Turkkan,https://scholar.google.com/citations?view_op=medium_photo&user=TgfbnzMAAAAJ
ÖZYEĞİN ÜNİVERSİTESİ,Umut Çakan,https://scholar.google.com/citations?view_op=medium_photo&user=yhZP5D0AAAAJ
ÖZYEĞİN ÜNİVERSİTESİ,Ramin Sheikhi Garjan,https://scholar.google.com/citations?view_op=medium_photo&user=_NRToDUAAAAJ
ÖZYEĞİN ÜNİVERSİTESİ,Sevket Arisu,https://scholar.google.com/citations?view_op=medium_photo&user=rQvu_BUAAAAJ
ÖZYEĞİN ÜNİVERSİTESİ,Duygu Gürleyik,https://scholar.google.com/citations?view_op=medium_photo&user=JNkaA14AAAAJ
ÖZYEĞİN ÜNİVERSİTESİ,Gökçe Güven,https://scholar.google.com/citations?view_op=medium_photo&user=wGwJyIsAAAAJ
ÖZYEĞİN ÜNİVERSİTESİ,Daniel K. Tettey,https://scholar.google.com/citations?view_op=medium_photo&user=CRoFar8AAAAJ
ÖZYEĞİN ÜNİVERSİTESİ,Murat Sahin,https://scholar.google.com/citations?view_op=medium_photo&user=7h5014EAAAAJ
ÖZYEĞİN ÜNİVERSİTESİ,Kerem Sarıkaya,https://scholar.google.com/citations?view_op=medium_photo&user=M8o0U4MAAAAJ
ÖZYEĞİN ÜNİVERSİTESİ,Luca Orlandi,https://scholar.google.com/citations?view_op=medium_photo&user=sACpJQoAAAAJ
ÖZYEĞİN ÜNİVERSİTESİ,Yavuz Selim Hindistan,https://scholar.google.com/citations?view_op=medium_photo&user=6LVmtuAAAAAJ
ÖZYEĞİN ÜNİVERSİTESİ,Atahan Çaldır,https://scholar.google.com/citations?view_op=medium_photo&user=ikHQAhAAAAAJ
ÖZYEĞİN ÜNİVERSİTESİ,Pelin Atahan,https://scholar.google.com/citations?view_op=medium_photo&user=vMwSNAMAAAAJ
ÖZYEĞİN ÜNİVERSİTESİ,"İsmail Başoğlu, PhD",https://scholar.google.com/citations?view_op=medium_photo&user=SJcu3HMAAAAJ
ÖZYEĞİN ÜNİVERSİTESİ,ZEHRA TONBUL,https://scholar.google.com/citations?view_op=medium_photo&user=NPob0uoAAAAJ
ÖZYEĞİN ÜNİVERSİTESİ,Samarjit Ghosh,https://scholar.google.com/citations?view_op=medium_photo&user=GE7SCgIAAAAJ
ÖZYEĞİN ÜNİVERSİTESİ,Burhan Kara,https://scholar.google.com/citations?view_op=medium_photo&user=RSBiIHoAAAAJ
ÖZYEĞİN ÜNİVERSİTESİ,Gerard Djengomemgoto,https://scholar.google.com/citations?view_op=medium_photo&user=U2vbL-oAAAAJ
ÖZYEĞİN ÜNİVERSİTESİ,Ebru Kilic-Bebek,https://scholar.google.com/citations?view_op=medium_photo&user=s7r9w2MAAAAJ
ÖZYEĞİN ÜNİVERSİTESİ,Hulusi Alphan Dinçkol,https://scholar.google.com/citations?view_op=medium_photo&user=4S6O2OUAAAAJ
ÖZYEĞİN ÜNİVERSİTESİ,Ozcan Ceylan,https://scholar.google.com/citations?view_op=medium_photo&user=3_aZhsEAAAAJ
ÖZYEĞİN ÜNİVERSİTESİ,Neslihan Cesur,https://scholar.google.com/citations?view_op=medium_photo&user=xcHEB0EAAAAJ
ÖZYEĞİN ÜNİVERSİTESİ,S.Vegar Seyedmohammadi,https://scholar.google.com/citations?view_op=medium_photo&user=8Sl8bAQAAAAJ
ÖZYEĞİN ÜNİVERSİTESİ,Zeynep G Karapars,https://scholar.google.com/citations?view_op=medium_photo&user=OPciQtMAAAAJ
ÖZYEĞİN ÜNİVERSİTESİ,Ilgın Sandalcı,https://scholar.google.com/citations?view_op=medium_photo&user=-tXCWQIAAAAJ
ÖZYEĞİN ÜNİVERSİTESİ,Zeynep Reva,https://scholar.google.com/citations?view_op=medium_photo&user=HMAiM_kAAAAJ
ÖZYEĞİN ÜNİVERSİTESİ,Mehmet Yiğit Özgenç,https://scholar.google.com/citations?view_op=medium_photo&user=gm_VX0AAAAAJ
ÖZYEĞİN ÜNİVERSİTESİ,Burak Taşdizen,https://scholar.google.com/citations?view_op=medium_photo&user=0IwtQGcAAAAJ
ÖZYEĞİN ÜNİVERSİTESİ,Shayan Ramezanzadeh,https://scholar.google.com/citations?view_op=medium_photo&user=8dsSFfkAAAAJ
ÖZYEĞİN ÜNİVERSİTESİ,Xiaohan Hannah Wen,https://scholar.google.com/citations?view_op=medium_photo&user=nrCcIF8AAAAJ
ÖZYEĞİN ÜNİVERSİTESİ,Umut Akovalı,https://scholar.google.com/citations?view_op=medium_photo&user=QDVA2wkAAAAJ
ÖZYEĞİN ÜNİVERSİTESİ,Ferhan Hasmaden,https://scholar.google.com/citations?view_op=medium_photo&user=Yn3MmKsAAAAJ
ÖZYEĞİN ÜNİVERSİTESİ,Miray Boga,https://scholar.google.com/citations?view_op=medium_photo&user=oN8U2BIAAAAJ
ÖZYEĞİN ÜNİVERSİTESİ,Oguz Can OK,https://scholar.google.com/citations?view_op=medium_photo&user=7XJ8EU0AAAAJ
ÖZYEĞİN ÜNİVERSİTESİ,Asena Ayşe Kaplan,https://scholar.google.com/citations?view_op=medium_photo&user=SmBl6xQAAAAJ
ÖZYEĞİN ÜNİVERSİTESİ,Erphan Safdari,https://scholar.google.com/citations?view_op=medium_photo&user=gEiV_okAAAAJ
ÖZYEĞİN ÜNİVERSİTESİ,Melis Taner,https://scholar.google.com/citations?view_op=medium_photo&user=aNON37QAAAAJ
ÖZYEĞİN ÜNİVERSİTESİ,Merve Nur Altundal,https://scholar.google.com/citations?view_op=medium_photo&user=KU64nZcAAAAJ
ÖZYEĞİN ÜNİVERSİTESİ,Nayyef Ahmed Talib Talib,https://scholar.google.com/citations?view_op=medium_photo&user=ifbDk4MAAAAJ
ÖZYEĞİN ÜNİVERSİTESİ,Zeynep Ceylanlı,https://scholar.google.com/citations?view_op=medium_photo&user=yOL9dBsAAAAJ
ÖZYEĞİN ÜNİVERSİTESİ,Deniz Iskender,https://scholar.google.com/citations?view_op=medium_photo&user=74AZMv0AAAAJ
ÖZYEĞİN ÜNİVERSİTESİ,Toygar Ulgen,https://scholar.google.com/citations?view_op=medium_photo&user=rBpilgsAAAAJ
ÖZYEĞİN ÜNİVERSİTESİ,Taner Yıldız,https://scholar.google.com/citations?view_op=medium_photo&user=JqSlrEMAAAAJ
ÖZYEĞİN ÜNİVERSİTESİ,Merve Elbirlik Tülek,https://scholar.google.com/citations?view_op=medium_photo&user=HvVxhLYAAAAJ
ÖZYEĞİN ÜNİVERSİTESİ,Ahmet Sahin,https://scholar.google.com/citations?view_op=medium_photo&user=EAhP4IMAAAAJ
ÖZYEĞİN ÜNİVERSİTESİ,Muhammad Kabir Balarabe,https://scholar.google.com/citations?view_op=medium_photo&user=edG6jSwAAAAJ
ÖZYEĞİN ÜNİVERSİTESİ,Gulbin Lekesiz,https://scholar.google.com/citations?view_op=medium_photo&user=P-xao4wAAAAJ
ÖZYEĞİN ÜNİVERSİTESİ,Deniz Mansouri,https://scholar.google.com/citations?view_op=medium_photo&user=ze-D3L8AAAAJ
ÖZYEĞİN ÜNİVERSİTESİ,Çağdaş Cirit,https://scholar.google.com/citations?view_op=medium_photo&user=vxf7ABgAAAAJ
ÖZYEĞİN ÜNİVERSİTESİ,Canay Isil,https://scholar.google.com/citations?view_op=medium_photo&user=Rj2jeuYAAAAJ
ÖZYEĞİN ÜNİVERSİTESİ,Abdelaziz Ashraf,https://scholar.google.com/citations?view_op=medium_photo&user=IcqqORIAAAAJ
ÖZYEĞİN ÜNİVERSİTESİ,Cihangir Ertaban,https://scholar.google.com/citations?view_op=medium_photo&user=l6TG6DwAAAAJ
ÖZYEĞİN ÜNİVERSİTESİ,Ovunc Ege,https://scholar.google.com/citations?view_op=medium_photo&user=bvXY1-AAAAAJ
ÖZYEĞİN ÜNİVERSİTESİ,Cem Ersoz,https://scholar.google.com/citations?view_op=medium_photo&user=ic-olSwAAAAJ
ÖZYEĞİN ÜNİVERSİTESİ,Tolga Ersoy,https://scholar.google.com/citations?view_op=medium_photo&user=RUmCdU4AAAAJ
ÖZYEĞİN ÜNİVERSİTESİ,Ali Mahmoodi Nehrani,https://scholar.google.com/citations?view_op=medium_photo&user=kAnjEt8AAAAJ
ÖZYEĞİN ÜNİVERSİTESİ,Begüm Diker,https://scholar.google.com/citations?view_op=medium_photo&user=PAUXc_IAAAAJ
ÖZYEĞİN ÜNİVERSİTESİ,Erkan SARIKAYA,https://scholar.google.com/citations?view_op=medium_photo&user=jTO93IoAAAAJ
ÖZYEĞİN ÜNİVERSİTESİ,Ersin Yıldız,https://scholar.google.com/citations?view_op=medium_photo&user=WILmy4oAAAAJ
ÖZYEĞİN ÜNİVERSİTESİ,Mehmet Polat Kuntuz,https://scholar.google.com/citations?view_op=medium_photo&user=fQCjatYAAAAJ
ÖZYEĞİN ÜNİVERSİTESİ,ezgi hamzaçebi,https://scholar.google.com/citations?view_op=medium_photo&user=6M4FOLQAAAAJ
ÖZYEĞİN ÜNİVERSİTESİ,Hashir Kuniyil,https://scholar.google.com/citations?view_op=medium_photo&user=w_fJZn8AAAAJ
ÖZYEĞİN ÜNİVERSİTESİ,Islam Guven,https://scholar.google.com/citations?view_op=medium_photo&user=TAQaab0AAAAJ
ÖZYEĞİN ÜNİVERSİTESİ,İbrahim BAĞLICA,https://scholar.google.com/citations?view_op=medium_photo&user=mGNrJLgAAAAJ
ÖZYEĞİN ÜNİVERSİTESİ,Sami Kocabıyık,https://scholar.google.com/citations?view_op=medium_photo&user=Af5iQa8AAAAJ
ÖZYEĞİN ÜNİVERSİTESİ,Fatma Caner,https://scholar.google.com/citations?view_op=medium_photo&user=igjGNfgAAAAJ
ÖZYEĞİN ÜNİVERSİTESİ,Ozkan Akpinar,https://scholar.google.com/citations?view_op=medium_photo&user=uR0YwbcAAAAJ
ÖZYEĞİN ÜNİVERSİTESİ,Mahshad Azima,https://scholar.google.com/citations?view_op=medium_photo&user=RGaU-g4AAAAJ
ÖZYEĞİN ÜNİVERSİTESİ,Asena Cerhan Haink,https://scholar.google.com/citations?view_op=medium_photo&user=gfUE1vQAAAAJ
ÖZYEĞİN ÜNİVERSİTESİ,Cansu Iskenderoglu,https://scholar.google.com/citations?view_op=medium_photo&user=OzaGV24AAAAJ
ÖZYEĞİN ÜNİVERSİTESİ,Bahar Tarakçı,https://scholar.google.com/citations?view_op=medium_photo&user=6VbROIQAAAAJ
ÖZYEĞİN ÜNİVERSİTESİ,Nezih Sunman,https://scholar.google.com/citations?view_op=medium_photo&user=PG7whZIAAAAJ
ÖZYEĞİN ÜNİVERSİTESİ,Emir Arditi,https://scholar.google.com/citations?view_op=medium_photo&user=oZkaOigAAAAJ
ÖZYEĞİN ÜNİVERSİTESİ,Mustafa Derman,https://scholar.google.com/citations?view_op=medium_photo&user=ukQOqNkAAAAJ
ÖZYEĞİN ÜNİVERSİTESİ,Kerem Arayici,https://scholar.google.com/citations?view_op=medium_photo&user=kqGgUscAAAAJ
ÖZYEĞİN ÜNİVERSİTESİ,tufan akba,https://scholar.google.com/citations?view_op=medium_photo&user=AW-egLgAAAAJ
ÖZYEĞİN ÜNİVERSİTESİ,Mahir Sarigul,https://scholar.google.com/citations?view_op=medium_photo&user=1NQKzzEAAAAJ
ÖZYEĞİN ÜNİVERSİTESİ,Hamdi Deniz Ege Göktuna,https://scholar.google.com/citations?view_op=medium_photo&user=BxJhkb4AAAAJ
ÖZYEĞİN ÜNİVERSİTESİ,Sezai Artun Ozyegin,https://scholar.google.com/citations?view_op=medium_photo&user=hKmywZwAAAAJ
ÖZYEĞİN ÜNİVERSİTESİ,Cihan Pehlivan,https://scholar.google.com/citations?view_op=medium_photo&user=rnxn20MAAAAJ
ÖZYEĞİN ÜNİVERSİTESİ,Kenan Cem Demirel,https://scholar.google.com/citations?view_op=medium_photo&user=58dBmC4AAAAJ
ÖZYEĞİN ÜNİVERSİTESİ,Cengiz TEZEL,https://scholar.google.com/citations?view_op=medium_photo&user=kWuRSpEAAAAJ
ÖZYEĞİN ÜNİVERSİTESİ,Ezgi Hamzacebi,https://scholar.google.com/citations?view_op=medium_photo&user=hcV-u24AAAAJ
ÖZYEĞİN ÜNİVERSİTESİ,Eren Atsiz,https://scholar.google.com/citations?view_op=medium_photo&user=f0xIpQkAAAAJ
ÖZYEĞİN ÜNİVERSİTESİ,Gözde Türkeli,https://scholar.google.com/citations?view_op=medium_photo&user=JrqbiDkAAAAJ
ÖZYEĞİN ÜNİVERSİTESİ,Selen Özkan,https://scholar.google.com/citations?view_op=medium_photo&user=mx3DQyQAAAAJ
ÖZYEĞİN ÜNİVERSİTESİ,Necla Nisa Soylu,https://scholar.google.com/citations?view_op=medium_photo&user=vERXYdcAAAAJ
ÖZYEĞİN ÜNİVERSİTESİ,Levent Emre Özgüç,https://scholar.google.com/citations?view_op=medium_photo&user=5DkfPzsAAAAJ
ÖZYEĞİN ÜNİVERSİTESİ,Sibel Oktar Thomas,https://scholar.google.com/citations?view_op=medium_photo&user=IDRxOToAAAAJ
ÖZYEĞİN ÜNİVERSİTESİ,Özlem Özkal,https://scholar.google.com/citations?view_op=medium_photo&user=4K6scOsAAAAJ
ÖZYEĞİN ÜNİVERSİTESİ,Cihan Eran,https://scholar.google.com/citations?view_op=medium_photo&user=GwIH0jMAAAAJ
ÖZYEĞİN ÜNİVERSİTESİ,Yasemin Yıldırım,https://scholar.google.com/citations?view_op=medium_photo&user=WCPza2sAAAAJ
ÖZYEĞİN ÜNİVERSİTESİ,Ozan Ekin Nural,https://scholar.google.com/citations?view_op=medium_photo&user=TxNfi84AAAAJ
ÖZYEĞİN ÜNİVERSİTESİ,Gökhan Kayansalçik,https://scholar.google.com/citations?view_op=medium_photo&user=zi6d8n4AAAAJ
ÖZYEĞİN ÜNİVERSİTESİ,Nergiz ÇETİN-KILIÇ,https://scholar.google.com/citations?view_op=medium_photo&user=q52UwIsAAAAJ
ÖZYEĞİN ÜNİVERSİTESİ,Murat Somer,https://scholar.google.com/citations?view_op=medium_photo&user=6eBH2A0AAAAJ
ÖZYEĞİN ÜNİVERSİTESİ,Amin Dorostanian,https://scholar.google.com/citations?view_op=medium_photo&user=p31vlK0AAAAJ
ÖZYEĞİN ÜNİVERSİTESİ,Egem Atik,https://scholar.google.com/citations?view_op=medium_photo&user=XBxS4XAAAAAJ
ÖZYEĞİN ÜNİVERSİTESİ,Müge Çetin,https://scholar.google.com/citations?view_op=medium_photo&user=vfs41G4AAAAJ
ÖZYEĞİN ÜNİVERSİTESİ,Tugce Ersoy,https://scholar.google.com/citations?view_op=medium_photo&user=zf3TdTYAAAAJ
ÖZYEĞİN ÜNİVERSİTESİ,Esma Nafiye Polat,https://scholar.google.com/citations?view_op=medium_photo&user=oNdu1pAAAAAJ
ÖZYEĞİN ÜNİVERSİTESİ,Gönenç Can Altun,https://scholar.google.com/citations?view_op=medium_photo&user=ausjqI4AAAAJ
ÖZYEĞİN ÜNİVERSİTESİ,İsmail Can Yağmur,https://scholar.google.com/citations?view_op=medium_photo&user=TPw00lsAAAAJ
ÖZYEĞİN ÜNİVERSİTESİ,Dr. Evrim Kerman,https://scholar.google.com/citations?view_op=medium_photo&user=dqxH3DwAAAAJ
ÖZYEĞİN ÜNİVERSİTESİ,Mojibulrahman Jami,https://scholar.google.com/citations?view_op=medium_photo&user=WvjXO04AAAAJ
ÖZYEĞİN ÜNİVERSİTESİ,Önder Uçar,https://scholar.google.com/citations?view_op=medium_photo&user=HTpLxGoAAAAJ
ÖZYEĞİN ÜNİVERSİTESİ,Gokce Tomrukcu,https://scholar.google.com/citations?view_op=medium_photo&user=uOo1GPQAAAAJ
ÖZYEĞİN ÜNİVERSİTESİ,Ahmad El Sayed,https://scholar.google.com/citations?view_op=medium_photo&user=iIB7TCYAAAAJ
ÖZYEĞİN ÜNİVERSİTESİ,Alp Burak Pehlivan,https://scholar.google.com/citations?view_op=medium_photo&user=XJCgcAwAAAAJ
ÖZYEĞİN ÜNİVERSİTESİ,Çağıl Süslü,https://scholar.google.com/citations?view_op=medium_photo&user=j6f2MFIAAAAJ
ÖZYEĞİN ÜNİVERSİTESİ,Tutku Çıngıl,https://scholar.google.com/citations?view_op=medium_photo&user=SqKFx0sAAAAJ
ÖZYEĞİN ÜNİVERSİTESİ,Cagri Ozmemis,https://scholar.google.com/citations?view_op=medium_photo&user=10yopAYAAAAJ
ÖZYEĞİN ÜNİVERSİTESİ,Taha Varol,https://scholar.google.com/citations?view_op=medium_photo&user=VsS0uz8AAAAJ
ÖZYEĞİN ÜNİVERSİTESİ,Cihan Erdoğanyılmaz,https://scholar.google.com/citations?view_op=medium_photo&user=ICV33PsAAAAJ
ÖZYEĞİN ÜNİVERSİTESİ,Deniz Yilmaz,https://scholar.google.com/citations?view_op=medium_photo&user=wB-xfx0AAAAJ
ÖZYEĞİN ÜNİVERSİTESİ,Nisan Kuzuluk,https://scholar.google.com/citations?view_op=medium_photo&user=UwleNnIAAAAJ
ÖZYEĞİN ÜNİVERSİTESİ,HANDE GÜR ORCAN,https://scholar.google.com/citations?view_op=medium_photo&user=DIDcf80AAAAJ
ÖZYEĞİN ÜNİVERSİTESİ,Tugba Tok,https://scholar.google.com/citations?view_op=medium_photo&user=Pzf8qS0AAAAJ
ÖZYEĞİN ÜNİVERSİTESİ,Gözde Türkeli,https://scholar.google.com/citations?view_op=medium_photo&user=pNLQShsAAAAJ
ÖZYEĞİN ÜNİVERSİTESİ,Yagmur Selenay Selcuk,https://scholar.google.com/citations?view_op=medium_photo&user=-mVxUcMAAAAJ
ÖZYEĞİN ÜNİVERSİTESİ,Onur Turgut,https://scholar.google.com/citations?view_op=medium_photo&user=QwIWihQAAAAJ
ÖZYEĞİN ÜNİVERSİTESİ,Irmak Mutlu,https://scholar.google.com/citations?view_op=medium_photo&user=9p7VMC0AAAAJ
ÖZYEĞİN ÜNİVERSİTESİ,Lamia Gülnur Kasap-Şimşek,https://scholar.google.com/citations?view_op=medium_photo&user=MHa_7mMAAAAJ
ÖZYEĞİN ÜNİVERSİTESİ,Abdulrahman Dandashi,https://scholar.google.com/citations?view_op=medium_photo&user=GvYOpy8AAAAJ
ÖZYEĞİN ÜNİVERSİTESİ,Melis Gizem Çığşar,https://scholar.google.com/citations?view_op=medium_photo&user=cMiXZgIAAAAJ
ÖZYEĞİN ÜNİVERSİTESİ,Yigit Kaan Sayinbas,https://scholar.google.com/citations?view_op=medium_photo&user=s51dQCAAAAAJ
ÖZYEĞİN ÜNİVERSİTESİ,Ali Leylekoglu,https://scholar.google.com/citations?view_op=medium_photo&user=IgVktdMAAAAJ
ÖZYEĞİN ÜNİVERSİTESİ,Alptegin Albayraktaroglu,https://scholar.google.com/citations?view_op=medium_photo&user=LMHRDTEAAAAJ
ÖZYEĞİN ÜNİVERSİTESİ,Utku Safak,https://scholar.google.com/citations?view_op=medium_photo&user=IrJg2yIAAAAJ
ÖZYEĞİN ÜNİVERSİTESİ,Eren Balatkan,https://scholar.google.com/citations?view_op=medium_photo&user=9rBzJ74AAAAJ
ÖZYEĞİN ÜNİVERSİTESİ,Elif Aktas,https://scholar.google.com/citations?view_op=medium_photo&user=_B2eErQAAAAJ
ÖZYEĞİN ÜNİVERSİTESİ,Feray Coskun,https://scholar.google.com/citations?view_op=medium_photo&user=ujF7FSEAAAAJ
ÖZYEĞİN ÜNİVERSİTESİ,Ali GÖKKURT,https://scholar.google.com/citations?view_op=medium_photo&user=POewt48AAAAJ
ÖZYEĞİN ÜNİVERSİTESİ,Can Bora Sezer,https://scholar.google.com/citations?view_op=medium_photo&user=dPYRByQAAAAJ
ÖZYEĞİN ÜNİVERSİTESİ,Gizem Efendioğlu,https://scholar.google.com/citations?view_op=medium_photo&user=b0nmh5YAAAAJ
ÖZYEĞİN ÜNİVERSİTESİ,Shewit W. Tesfay,https://scholar.google.com/citations?view_op=medium_photo&user=VgeVHwcAAAAJ
ÖZYEĞİN ÜNİVERSİTESİ,Furqan Tahir,https://scholar.google.com/citations?view_op=medium_photo&user=qMa6514AAAAJ
ÖZYEĞİN ÜNİVERSİTESİ,Emin Kartci,https://scholar.google.com/citations?view_op=medium_photo&user=Ms7XtmEAAAAJ
ÖZYEĞİN ÜNİVERSİTESİ,Uygar Kaya,https://scholar.google.com/citations?view_op=medium_photo&user=e8oF3YAAAAAJ
ÖZYEĞİN ÜNİVERSİTESİ,Arseniy Samsonov,https://scholar.google.com/citations?view_op=medium_photo&user=yQDitAUAAAAJ
ÖZYEĞİN ÜNİVERSİTESİ,Utku Ayaz Akkaş,https://scholar.google.com/citations?view_op=medium_photo&user=vECT-xEAAAAJ
ÖZYEĞİN ÜNİVERSİTESİ,Emir Tarık Arıcı,https://scholar.google.com/citations?view_op=medium_photo&user=MOS5a30AAAAJ
ÖZYEĞİN ÜNİVERSİTESİ,Recep Buğra Uludağ,https://scholar.google.com/citations?view_op=medium_photo&user=yJoHSpEAAAAJ
ÖZYEĞİN ÜNİVERSİTESİ,Armagan Yuksekkaya,https://scholar.google.com/citations?view_op=medium_photo&user=ror72lsAAAAJ
ÖZYEĞİN ÜNİVERSİTESİ,Ayse Ozlem Dal Koçoğlu,https://scholar.google.com/citations?view_op=medium_photo&user=Ka4r60UAAAAJ
ÖZYEĞİN ÜNİVERSİTESİ,Hanne Say,https://scholar.google.com/citations?view_op=medium_photo&user=kDivMkwAAAAJ
ÖZYEĞİN ÜNİVERSİTESİ,Batur Gezici,https://scholar.google.com/citations?view_op=medium_photo&user=D1geU4kAAAAJ
ÖZYEĞİN ÜNİVERSİTESİ,Nurkan Fatih Altunel,https://scholar.google.com/citations?view_op=medium_photo&user=yZvZTw8AAAAJ
ÖZYEĞİN ÜNİVERSİTESİ,Canan M. Ozsoy,https://scholar.google.com/citations?view_op=medium_photo&user=74V86cIAAAAJ
ÖZYEĞİN ÜNİVERSİTESİ,Hakan Yanaz,https://scholar.google.com/citations?view_op=medium_photo&user=eeb-TUIAAAAJ
ÖZYEĞİN ÜNİVERSİTESİ,Petek Şirin,https://scholar.google.com/citations?view_op=medium_photo&user=mz4jZGcAAAAJ
ÖZYEĞİN ÜNİVERSİTESİ,Alp Tuğan,https://scholar.google.com/citations?view_op=medium_photo&user=8f9laAoAAAAJ
ÖZYEĞİN ÜNİVERSİTESİ,Gülfer Meriç,https://scholar.google.com/citations?view_op=medium_photo&user=2F4YrJEAAAAJ
ÖZYEĞİN ÜNİVERSİTESİ,Mostafa Almasraf,https://scholar.google.com/citations?view_op=medium_photo&user=wGKv3ioAAAAJ
ÖZYEĞİN ÜNİVERSİTESİ,Zeynel Batuhan Organ,https://scholar.google.com/citations?view_op=medium_photo&user=ZD6i51wAAAAJ
ÖZYEĞİN ÜNİVERSİTESİ,Deniz Imamoglu,https://scholar.google.com/citations?view_op=medium_photo&user=MBtbcyYAAAAJ
ÖZYEĞİN ÜNİVERSİTESİ,Gevher Yesevi,https://scholar.google.com/citations?view_op=medium_photo&user=hTuKJDIAAAAJ
ÖZYEĞİN ÜNİVERSİTESİ,Selim Sandal,https://scholar.google.com/citations?view_op=medium_photo&user=k5Aj3wYAAAAJ
ÖZYEĞİN ÜNİVERSİTESİ,Seda Yücekurt Ünlü,https://scholar.google.com/citations?view_op=medium_photo&user=J8WhUe0AAAAJ
ÖZYEĞİN ÜNİVERSİTESİ,Alev Özeroğlu,https://scholar.google.com/citations?view_op=medium_photo&user=pwuN9m8AAAAJ
ÖZYEĞİN ÜNİVERSİTESİ,Alain P. ndigande,https://scholar.google.com/citations?view_op=medium_photo&user=yxe6aagAAAAJ
ÖZYEĞİN ÜNİVERSİTESİ,Emrah Özturan,https://scholar.google.com/citations?view_op=medium_photo&user=mlsNDq0AAAAJ
ÖZYEĞİN ÜNİVERSİTESİ,Şafak Topçu,https://scholar.google.com/citations?view_op=medium_photo&user=ilTpyhAAAAAJ
ÖZYEĞİN ÜNİVERSİTESİ,Onur Ersoy,https://scholar.google.com/citations?view_op=medium_photo&user=4W4Lkj8AAAAJ
ÖZYEĞİN ÜNİVERSİTESİ,Semra Tokay,https://scholar.google.com/citations?view_op=medium_photo&user=eiHhL4gAAAAJ
ÖZYEĞİN ÜNİVERSİTESİ,Yağmur Yıldırımay,https://scholar.google.com/citations?view_op=medium_photo&user=AethKxgAAAAJ
ÖZYEĞİN ÜNİVERSİTESİ,Mustafa Baris Camli,https://scholar.google.com/citations?view_op=medium_photo&user=9BFixm0AAAAJ
ÖZYEĞİN ÜNİVERSİTESİ,Seçkin Özbilen,https://scholar.google.com/citations?view_op=medium_photo&user=kB5Fh-gAAAAJ
ÖZYEĞİN ÜNİVERSİTESİ,Caner İlhan,https://scholar.google.com/citations?view_op=medium_photo&user=oCJ8iIgAAAAJ
ÖZYEĞİN ÜNİVERSİTESİ,Mehmet Arda Eren,https://scholar.google.com/citations?view_op=medium_photo&user=vXwRcOwAAAAJ
ÖZYEĞİN ÜNİVERSİTESİ,Saba Hajizadeh,https://scholar.google.com/citations?view_op=medium_photo&user=OWktWJ4AAAAJ
ÖZYEĞİN ÜNİVERSİTESİ,GÖKSU SARMAN,https://scholar.google.com/citations?view_op=medium_photo&user=dLl5VsAAAAAJ
ÖZYEĞİN ÜNİVERSİTESİ,Ahmet Pehlivanoglu,https://scholar.google.com/citations?view_op=medium_photo&user=0JIBBEEAAAAJ
ÖZYEĞİN ÜNİVERSİTESİ,Emre Kuru,https://scholar.google.com/citations?view_op=medium_photo&user=dWNN5sMAAAAJ
ÖZYEĞİN ÜNİVERSİTESİ,Mehmet Berk Karasu,https://scholar.google.com/citations?view_op=medium_photo&user=1CVI3k0AAAAJ
ÖZYEĞİN ÜNİVERSİTESİ,Mehmet Eren Ozgun,https://scholar.google.com/citations?view_op=medium_photo&user=ch_1NrkAAAAJ
ÖZYEĞİN ÜNİVERSİTESİ,Ayse Bike Baykara,https://scholar.google.com/citations?view_op=medium_photo&user=7yzR348AAAAJ
ÖZYEĞİN ÜNİVERSİTESİ,Furkan Sahin,https://scholar.google.com/citations?view_op=medium_photo&user=H2kZxKsAAAAJ
ÖZYEĞİN ÜNİVERSİTESİ,Kaan Menekşedağ,https://scholar.google.com/citations?view_op=medium_photo&user=CZyBHVoAAAAJ
ÖZYEĞİN ÜNİVERSİTESİ,Fatma Damak,https://scholar.google.com/citations?view_op=medium_photo&user=TZwn2VoAAAAJ
ÖZYEĞİN ÜNİVERSİTESİ,Pınar Şengül Tığ,https://scholar.google.com/citations?view_op=medium_photo&user=UwCZltQAAAAJ
ÖZYEĞİN ÜNİVERSİTESİ,Ezgi Cicek,https://scholar.google.com/citations?view_op=medium_photo&user=8nybKQcAAAAJ
ÖZYEĞİN ÜNİVERSİTESİ,Dilara Nitelik Gelirli,https://scholar.google.com/citations?view_op=medium_photo&user=jQw5ty4AAAAJ
ÖZYEĞİN ÜNİVERSİTESİ,İlker YILDIRIM,https://scholar.google.com/citations?view_op=medium_photo&user=8BKm63oAAAAJ
ÖZYEĞİN ÜNİVERSİTESİ,M. Uluc Sahin,https://scholar.google.com/citations?view_op=medium_photo&user=b4I7resAAAAJ
ÖZYEĞİN ÜNİVERSİTESİ,Gurkan Maruf Mihci,https://scholar.google.com/citations?view_op=medium_photo&user=PrlomIMAAAAJ
ÖZYEĞİN ÜNİVERSİTESİ,Ilkay Ozturk,https://scholar.google.com/citations?view_op=medium_photo&user=lEaSLbAAAAAJ
ÖZYEĞİN ÜNİVERSİTESİ,Olcay Yildizgordu,https://scholar.google.com/citations?view_op=medium_photo&user=LDoifFMAAAAJ
ÖZYEĞİN ÜNİVERSİTESİ,Hülya Yavaş,https://scholar.google.com/citations?view_op=medium_photo&user=vSxUljgAAAAJ
ÖZYEĞİN ÜNİVERSİTESİ,Zeynep Ozbilgin,https://scholar.google.com/citations?view_op=medium_photo&user=FoQiq9sAAAAJ
ÖZYEĞİN ÜNİVERSİTESİ,"Ekin Deniz İlhan, Ph.D.",https://scholar.google.com/citations?view_op=medium_photo&user=EQy-QeIAAAAJ
ÖZYEĞİN ÜNİVERSİTESİ,Fatih Ilgın,https://scholar.google.com/citations?view_op=medium_photo&user=hlif33sAAAAJ
ÖZYEĞİN ÜNİVERSİTESİ,Batuhan Özcan,https://scholar.google.com/citations?view_op=medium_photo&user=LDL5744AAAAJ
ÖZYEĞİN ÜNİVERSİTESİ,Abdullah Enes Doruk,https://scholar.google.com/citations?view_op=medium_photo&user=jcAX8bwAAAAJ
ÖZYEĞİN ÜNİVERSİTESİ,Abdulrahim Umar Darma,https://scholar.google.com/citations?view_op=medium_photo&user=Cpb0kcUAAAAJ
ÖZYEĞİN ÜNİVERSİTESİ,Burak Ozkaynak,https://scholar.google.com/citations?view_op=medium_photo&user=6C74akoAAAAJ
ÖZYEĞİN ÜNİVERSİTESİ,Can Müezinoglu,https://scholar.google.com/citations?view_op=medium_photo&user=SecikdoAAAAJ
ÖZYEĞİN ÜNİVERSİTESİ,Eren Tekeler,https://scholar.google.com/citations?view_op=medium_photo&user=dAk9TRsAAAAJ
ÖZYEĞİN ÜNİVERSİTESİ,Murat Narci,https://scholar.google.com/citations?view_op=medium_photo&user=Z4GxvgMAAAAJ
ÖZYEĞİN ÜNİVERSİTESİ,Fadime Tasci,https://scholar.google.com/citations?view_op=medium_photo&user=rUXiFHkAAAAJ
ÖZYEĞİN ÜNİVERSİTESİ,İbrahim Öztürk,https://scholar.google.com/citations?view_op=medium_photo&user=_h_jYz0AAAAJ
ÖZYEĞİN ÜNİVERSİTESİ,Nilufer Ugur Dalay,https://scholar.google.com/citations?view_op=medium_photo&user=ArnXwMYAAAAJ
ÖZYEĞİN ÜNİVERSİTESİ,Hande Tunc,https://scholar.google.com/citations?view_op=medium_photo&user=9D0b26wAAAAJ
ÖZYEĞİN ÜNİVERSİTESİ,Tilbe Baspinar,https://scholar.google.com/citations?view_op=medium_photo&user=5CjV32cAAAAJ
ÖZYEĞİN ÜNİVERSİTESİ,Ege Ceyhan,https://scholar.google.com/citations?view_op=medium_photo&user=QApP1FMAAAAJ
ÖZYEĞİN ÜNİVERSİTESİ,Nima Heidari,https://scholar.google.com/citations?view_op=medium_photo&user=1DzF1hAAAAAJ
ÖZYEĞİN ÜNİVERSİTESİ,Tolga Altınoluk,https://scholar.google.com/citations?view_op=medium_photo&user=KrnzeSAAAAAJ
ÖZYEĞİN ÜNİVERSİTESİ,Zeliha İnci Asal,https://scholar.google.com/citations?view_op=medium_photo&user=9JjLVBcAAAAJ
ÖZYEĞİN ÜNİVERSİTESİ,Omid Arfaie,https://scholar.google.com/citations?view_op=medium_photo&user=Bt_tJ5wAAAAJ
ÖZYEĞİN ÜNİVERSİTESİ,Barış Baysal,https://scholar.google.com/citations?view_op=medium_photo&user=Y_2rdd4AAAAJ
ÖZYEĞİN ÜNİVERSİTESİ,Ahmad Houraniah,https://scholar.google.com/citations?view_op=medium_photo&user=PYfvZrgAAAAJ
ÖZYEĞİN ÜNİVERSİTESİ,Shima Shamekhi,https://scholar.google.com/citations?view_op=medium_photo&user=H0aW0AsAAAAJ
ÖZYEĞİN ÜNİVERSİTESİ,Mert Erkol,https://scholar.google.com/citations?view_op=medium_photo&user=eyHqKFUAAAAJ
ÖZYEĞİN ÜNİVERSİTESİ,Sinem Kol,https://scholar.google.com/citations?view_op=medium_photo&user=y0EnDbMAAAAJ
ÖZYEĞİN ÜNİVERSİTESİ,Errikos Melissinos,https://scholar.google.com/citations?view_op=medium_photo&user=cHVOUQMAAAAJ
ÖZYEĞİN ÜNİVERSİTESİ,Onat Gürcanok,https://scholar.google.com/citations?view_op=medium_photo&user=tVJOJHQAAAAJ
ÖZYEĞİN ÜNİVERSİTESİ,Tolga Aydın,https://scholar.google.com/citations?view_op=medium_photo&user=Dn3r7UEAAAAJ
ÖZYEĞİN ÜNİVERSİTESİ,Berk Adali,https://scholar.google.com/citations?view_op=medium_photo&user=SDOuqxwAAAAJ
ÖZYEĞİN ÜNİVERSİTESİ,Fatih Boyar,https://scholar.google.com/citations?view_op=medium_photo&user=hoHJvDAAAAAJ
ÖZYEĞİN ÜNİVERSİTESİ,Cemre Çınar,https://scholar.google.com/citations?view_op=medium_photo&user=Lyxn2CYAAAAJ
ÖZYEĞİN ÜNİVERSİTESİ,Elias Sarantopoulos,https://scholar.google.com/citations?view_op=medium_photo&user=b0-qZ3wAAAAJ
ÖZYEĞİN ÜNİVERSİTESİ,Cansu Günaydın Donduran,https://scholar.google.com/citations?view_op=medium_photo&user=jmltA_0AAAAJ
ÖZYEĞİN ÜNİVERSİTESİ,Emre Kaynar,https://scholar.google.com/citations?view_op=medium_photo&user=q4kyFAsAAAAJ
ÖZYEĞİN ÜNİVERSİTESİ,Elshan Sarkarfarshi,https://scholar.google.com/citations?view_op=medium_photo&user=5YZcF-oAAAAJ
ÖZYEĞİN ÜNİVERSİTESİ,Cem Yarkin Yildiz,https://scholar.google.com/citations?view_op=medium_photo&user=0QH494MAAAAJ
ÖZYEĞİN ÜNİVERSİTESİ,Hande Karabulut,https://scholar.google.com/citations?view_op=medium_photo&user=qN-qQw4AAAAJ
ÖZYEĞİN ÜNİVERSİTESİ,Bedirhan Celebi,https://scholar.google.com/citations?view_op=medium_photo&user=nsmgKkgAAAAJ
ÖZYEĞİN ÜNİVERSİTESİ,İpek Motorcu,https://scholar.google.com/citations?view_op=medium_photo&user=GO5ufTQAAAAJ
ÖZYEĞİN ÜNİVERSİTESİ,Demirhan Sevim,https://scholar.google.com/citations?view_op=medium_photo&user=Z3q5rccAAAAJ
ÖZYEĞİN ÜNİVERSİTESİ,Selim Sarfati,https://scholar.google.com/citations?view_op=medium_photo&user=S5IgBLgAAAAJ
